,input,output,ind_skill,input_EN,output_EN
0,•  <SoftSkill_C>Hohes Kommunikations-</SoftSkill_C> und <SoftSkill>Verhandlungsgeschick</SoftSkill,<SoftSkill>Hohes Kommunikationsgeschick</SoftSkill> und <SoftSkill>Verhandlungsgeschick</SoftSkill>,"['Hohes Kommunikationsgeschick', 'Verhandlungsgeschick']",- <SoftSkill_C>High communication</SoftSkill_C> and <SoftSkill>negotiation</SoftSkill,<SoftSkill>High communication skills</SoftSkill> and <SoftSkill>Negotiation skills</SoftSkill>.
1," Bist du eine <SoftSkill_C>vielseitige</SoftSkill_C>, <SoftSkill_C>motivierte</SoftSkill_C> und <SoftSkill>lernorientierte Person</SoftSkill>, die <SoftSkill>Freude an der aktiven Gestaltung und Entwicklung anspruchsvoller Lösungen v.a. im Bereich der Digitalisierung hat</SoftSkill>?"," Bist du eine <SoftSkill>vielseitige Person</SoftSkill>, <SoftSkill>motivierte Person</SoftSkill> und <SoftSkill>lernorientierte Person</SoftSkill>, die <SoftSkill>Freude an der aktiven Gestaltung und Entwicklung anspruchsvoller Lösungen v.a. im Bereich der Digitalisierung hat</SoftSkill>?","['vielseitige Person', 'motivierte Person', 'lernorientierte Person', 'Freude an der aktiven Gestaltung und Entwicklung anspruchsvoller Lösungen v.a. im Bereich der Digitalisierung hat']"," Are you a <SoftSkill_C>versatile</SoftSkill_C>, <SoftSkill_C>motivated</SoftSkill_C> and <SoftSkill>learning-oriented person</SoftSkill> who <SoftSkill>enjoys actively designing and developing sophisticated solutions, especially in the field of digitalisation</SoftSkill>?"," Are you a <SoftSkill>versatile person</SoftSkill>, <SoftSkill>motivated person</SoftSkill> and <SoftSkill>learning-oriented person</SoftSkill> who <SoftSkill>enjoys actively designing and developing sophisticated solutions, especially in the field of digitalisation</SoftSkill>?"
2," •  <SoftSkill>Überzeugender Auftritt</SoftSkill>; <SoftSkill_C>dynamische</SoftSkill_C> und <SoftSkill>belastbare Persönlichkeit</SoftSkill>, die ihre Zielsetzung auf überdurchschnittliche Leistungsresultate ausrichtet."," • <SoftSkill>Überzeugender Auftritt</SoftSkill>; <SoftSkill>dynamische Persönlichkeit</SoftSkill> und <SoftSkill>belastbare Persönlichkeit</SoftSkill>, die ihre Zielsetzung auf überdurchschnittliche Leistungsresultate ausrichtet.","['Überzeugender Auftritt', 'dynamische Persönlichkeit', 'belastbare Persönlichkeit']"," - <SoftSkill>Convincing appearance</SoftSkill>; <SoftSkill_C>dynamic</SoftSkill_C> and <SoftSkill>resilient personality</SoftSkill>, who aligns his or her objective to above-average performance results."," - <SoftSkill>Convincing appearance</SoftSkill>; <SoftSkill>Dynamic personality</SoftSkill> and <SoftSkill>Resilient personality</SoftSkill>, which aligns its objective to above-average performance results."
3, •  <SoftSkill>Freude am Unterrichten</SoftSkill> und an der <SoftSkill_C>Persönlichkeitsbildung der Jugendlichen</SoftSkill_C, <SoftSkill>Freude am Unterrichten</SoftSkill> und <SoftSkill>Freude am Persönlichkeitsbildung der Jugendlichen</SoftSkill>.,"['Freude am Unterrichten', 'Freude am Persönlichkeitsbildung der Jugendlichen']", - <SoftSkill>Enjoyment in teaching</SoftSkill> and in the <SoftSkill_C>personal development of young people</SoftSkill_C, <SoftSkill>Enjoyment of teaching</SoftSkill> and <SoftSkill>Enjoyment of personality development of young people</SoftSkill>.
4," •  <SoftSkill>Interesse an technischen Arbeiten</SoftSkill> und <SoftSkill_C>Verfahren</SoftSkill_C> sowie <SoftSkill>Fähigkeit, Probleme zu bearbeiten und zu lösen</SoftSkill"," • <SoftSkill>Interesse an technischen Arbeiten</SoftSkill> und <SoftSkill>Interesse an Verfahren</SoftSkill> sowie <SoftSkill>Fähigkeit, Probleme zu bearbeiten und zu lösen</SoftSkill>","['Interesse an technischen Arbeiten', 'Interesse an Verfahren', 'Fähigkeit, Probleme zu bearbeiten und zu lösen']", - <SoftSkill>Interest in technical work</SoftSkill> and <SoftSkill_C>Procedures</SoftSkill_C> and <SoftSkill>Ability to work on and solve problems</SoftSkill, - <SoftSkill>Interest in technical work</SoftSkill> and <SoftSkill>Interest in procedures</SoftSkill> and <SoftSkill>Ability to work on and solve problems</SoftSkill>.
5," •  <SoftSkill_C>Selbstständiger</SoftSkill_C>, <SoftSkill_C>exakter</SoftSkill_C> und <SoftSkill>zuverlässiger Arbeitsstil</SoftSkill>; <SoftSkill>Einsatzfreude</SoftSkill> und <SoftSkill>Belastbarkeit</SoftSkill"," • <SoftSkill>Selbstständiger Arbeitsstil</SoftSkill>, <SoftSkill>exakter Arbeitsstil</SoftSkill> und <SoftSkill>zuverlässiger Arbeitsstil</SoftSkill>; <SoftSkill>Einsatzfreude</SoftSkill> und <SoftSkill>Belastbarkeit</SoftSkill>","['Selbstständiger Arbeitsstil', 'exakter Arbeitsstil', 'zuverlässiger Arbeitsstil', 'Einsatzfreude', 'Belastbarkeit']"," - <SoftSkill_C>independent</SoftSkill_C>, <SoftSkill_C>exact</SoftSkill_C> and <SoftSkill>reliable work style</SoftSkill>; <SoftSkill>commitment</SoftSkill> and <SoftSkill>resilience</SoftSkill"," - <SoftSkill>independent work style</SoftSkill>, <SoftSkill>exact work style</SoftSkill> and <SoftSkill>reliable work style</SoftSkill>; <SoftSkill>commitment</SoftSkill> and <SoftSkill>resilience</SoftSkill>."
6," Sie sind <SoftSkill>in der Lage, Projekte umsichtig</SoftSkill> und <SoftSkill_C>zielorientiert</SoftSkill_C>, mit <SoftSkill_C>klarer</SoftSkill_C> und <SoftSkill>stufengerechter Kommunikation</SoftSkill> und <SoftSkill>sozialer Kompetenz</SoftSkill> zu begleiten."," Sie sind <SoftSkill>in der Lage, Projekte umsichtig</SoftSkill> und <SoftSkill>in der Lage, Projekte zielorientiert</SoftSkill>, mit <SoftSkill>klarer Kommunikation</SoftSkill> und <SoftSkill>stufengerechter Kommunikation</SoftSkill> und <SoftSkill>sozialer Kompetenz</SoftSkill> zu begleiten.","['in der Lage, Projekte umsichtig', 'in der Lage, Projekte zielorientiert', 'klarer Kommunikation', 'stufengerechter Kommunikation', 'sozialer Kompetenz']"," You are <SoftSkill>able to manage projects prudently</SoftSkill> and <SoftSkill_C>goal-oriented</SoftSkill_C>, with <SoftSkill_C>clear</SoftSkill_C> and <SoftSkill>level-appropriate communication</SoftSkill> and <SoftSkill>social competence</SoftSkill>."," You are <SoftSkill>able to manage projects prudently</SoftSkill> and <SoftSkill>able to manage projects in a goal-oriented</SoftSkill> manner, with <SoftSkill>clear communication</SoftSkill> and <SoftSkill>level-appropriate communication</SoftSkill> and <SoftSkill>social competence</SoftSkill>."
7," Ihre <SoftSkill_C>abstrakte</SoftSkill_C>, <SoftSkill_C>analytische</SoftSkill_C> und <SoftSkill>systematische Denkweise</SoftSkill>, fundierten Erfahrungen und <SoftSkill>innovativen Ideen</SoftSkill> <SoftSkill>bringen Sie aktiv in die Projekte ein</SoftSkill>."," Ihre <SoftSkill>abstrakte Denkweise</SoftSkill>, <SoftSkill>analytische Denkweise</SoftSkill> und <SoftSkill>systematische Denkweise</SoftSkill>, fundierten Erfahrungen und <SoftSkill>innovativen Ideen</SoftSkill> <SoftSkill>bringen Sie aktiv in die Projekte ein</SoftSkill>.","['abstrakte Denkweise', 'analytische Denkweise', 'systematische Denkweise', 'innovativen Ideen', 'bringen Sie aktiv in die Projekte ein']"," Your <SoftSkill_C>abstract</SoftSkill_C>, <SoftSkill_C>analytical</SoftSkill_C> and <SoftSkill>systematic way of thinking</SoftSkill>, sound experience and <SoftSkill>innovative ideas</SoftSkill> <SoftSkill> you actively bring into the projects</SoftSkill>."," Your <SoftSkill>abstract way of thinking</SoftSkill>, <SoftSkill>analytical way of thinking</SoftSkill> and <SoftSkill>systematic way of thinking</SoftSkill>, sound experience and <SoftSkill>innovative ideas</SoftSkill> <SoftSkill> you actively bring into the projects</SoftSkill>."
8, In dieser Position benötigen Sie nebst Ihren <SoftSkill>fachlichen Qualitäten</SoftSkill> eine <SoftSkill_C>hohe Planungs-</SoftSkill_C> und <SoftSkill>Organisationsfähigkeit</SoftSkill>., In dieser Position benötigen Sie nebst Ihren <SoftSkill>fachlichen Qualitäten</SoftSkill> eine <SoftSkill>hohe Planungsfähigkeit</SoftSkill> und <SoftSkill>Organisationsfähigkeit</SoftSkill>.,"['fachlichen Qualitäten', 'hohe Planungsfähigkeit', 'Organisationsfähigkeit']"," In this position, in addition to your <SoftSkill>professional qualities</SoftSkill>, you need <SoftSkill_C>high planning</SoftSkill_C> and <SoftSkill>organisational skills</SoftSkill>."," In this position, in addition to your <SoftSkill>professional qualities</SoftSkill>, you need <SoftSkill>high planning skills</SoftSkill> and <SoftSkill>organisational skills</SoftSkill>."
9," •  einer <SoftSkill_C>sehr exakten</SoftSkill_C>, <SoftSkill_C>strukturierten</SoftSkill_C>, <SoftSkill_C>selbstständigen</SoftSkill_C> und <SoftSkill>dienstleistungsorientierten Arbeitsweise</SoftSkill> sowie <SoftSkill>Flexibilität
bezüglich den Arbeitseinsätzen</SoftSkill> (während den Abschlüssen)."," • einer <SoftSkill>sehr exakten Arbeitsweise</SoftSkill>, <SoftSkill>strukturierten Arbeitsweise</SoftSkill>, <SoftSkill>selbstständigen Arbeitsweise</SoftSkill> und <SoftSkill>dienstleistungsorientierten Arbeitsweise</SoftSkill> sowie <SoftSkill>Flexibilität bezüglich den Arbeitseinsätzen</SoftSkill> (während den Abschlüssen).","['sehr exakten Arbeitsweise', 'strukturierten Arbeitsweise', 'selbstständigen Arbeitsweise', 'dienstleistungsorientierten Arbeitsweise', 'Flexibilität bezüglich den Arbeitseinsätzen']"," - a <SoftSkill_C>very accurate</SoftSkill_C>, <SoftSkill_C>structured</SoftSkill_C>, <SoftSkill_C>self-reliant</SoftSkill_C> and <SoftSkill>service-oriented way of working</SoftSkill> as well as <SoftSkill>flexibility.
regarding work assignments</SoftSkill> (during degrees)."," - a <SoftSkill>very accurate way of working</SoftSkill>, <SoftSkill>structured way of working</SoftSkill>, <SoftSkill>self-reliant way of working</SoftSkill> and <SoftSkill>service-oriented way of working</SoftSkill> as well as <SoftSkill>flexibility regarding work assignments</SoftSkill> (during closings)."
10, <SoftSkill>Organisieren Sie mit Geschick</SoftSkill> und <SoftSkill_C>Freude</SoftSkill_C>?, <SoftSkill>Organisieren Sie mit Geschick</SoftSkill> und <SoftSkill>organisieren Sie mit Freude</SoftSkill>?,"['Organisieren Sie mit Geschick', 'organisieren Sie mit Freude']", <SoftSkill>Organise with skill</SoftSkill> and <SoftSkill_C>joy</SoftSkill_C>?, <SoftSkill>Organise with skill</SoftSkill> and <SoftSkill>Organise with pleasure</SoftSkill>?
11," Ihre <SoftSkill_C>ausgeprägte Problemlöse-</SoftSkill_C> und <SoftSkill>Innovationsfähigkeit</SoftSkill>, Ihre <SoftSkill>guten kommunikativen Fähigkeiten</SoftSkill> sowie Ihr <SoftSkill>Selbstmanagement</SoftSkill> runden Ihr Profil ab."," Ihre <SoftSkill>ausgeprägte Problemlösefähigkeit</SoftSkill> und <SoftSkill>Innovationsfähigkeit</SoftSkill>, Ihre <SoftSkill>guten kommunikativen Fähigkeiten</SoftSkill> sowie Ihr <SoftSkill>Selbstmanagement</SoftSkill> runden Ihr Profil ab.","['ausgeprägte Problemlösefähigkeit', 'Innovationsfähigkeit', 'guten kommunikativen Fähigkeiten', 'Selbstmanagement']"," Your <SoftSkill_C>strong problem-solving</SoftSkill_C> and <SoftSkill>innovation skills</SoftSkill>, your <SoftSkill>good communication skills</SoftSkill> as well as your <SoftSkill>self-management</SoftSkill> round off your profile."," Your <SoftSkill>strong problem-solving</SoftSkill> and <SoftSkill>innovation skills</SoftSkill>, your <SoftSkill>good communication skills</SoftSkill> as well as your <SoftSkill>self-management</SoftSkill> complete your profile."
12,•  <SoftSkill>Freude an exaktem</SoftSkill> und <SoftSkill_C>sauberem Arbeiten</SoftSkill_C,<SoftSkill>Freude an exaktem Arbeiten</SoftSkill> und <SoftSkill>Freude an sauberem Arbeiten</SoftSkill>,"['Freude an exaktem Arbeiten', 'Freude an sauberem Arbeiten']",- <SoftSkill>Enjoyment of exact</SoftSkill> and <SoftSkill_C>clean work</SoftSkill_C,<SoftSkill>Enjoyment of accurate work</SoftSkill> and <SoftSkill>Enjoyment of clean work</SoftSkill>.
13, <SoftSkill_C>Kommunikations-</SoftSkill_C> und <SoftSkill>Durchsetzungsstärke</SoftSkill> zeichnen Sie ebenso aus wie Ihre <SoftSkill>hohe Mobilität</SoftSkill> und <SoftSkill>Reisebereitschaft</SoftSkill>., <SoftSkill>Kommunikationsstärke</SoftSkill> und <SoftSkill>Durchsetzungsstärke</SoftSkill> zeichnen Sie ebenso aus wie Ihre <SoftSkill>hohe Mobilität</SoftSkill> und <SoftSkill>Reisebereitschaft</SoftSkill>.,"['Kommunikationsstärke', 'Durchsetzungsstärke', 'hohe Mobilität', 'Reisebereitschaft']", <SoftSkill_C>Communication</SoftSkill_C> and <SoftSkill>assertiveness</SoftSkill> distinguish you just as much as your <SoftSkill>high mobility</SoftSkill> and <SoftSkill>readiness to travel</SoftSkill>., <SoftSkill>Strong communication skills</SoftSkill> and <SoftSkill>assertiveness</SoftSkill> distinguish you just as much as your <SoftSkill>high mobility</SoftSkill> and <SoftSkill>readiness to travel</SoftSkill>.
14, Sie haben <SoftSkill>Freude an der Technik</SoftSkill> und mit Ihrer <SoftSkill_C>gewinnenden</SoftSkill_C> und <SoftSkill>zielstrebigen Persönlichkeit</SoftSkill> können Sie unsere <SoftSkill>Kunden begeistern</SoftSkill> und <SoftSkill>Projekte erfolgreich abschliessen</SoftSkill>., Sie haben <SoftSkill>Freude an der Technik</SoftSkill> und mit Ihrer <SoftSkill>gewinnenden Persönlichkeit</SoftSkill> und <SoftSkill>zielstrebigen Persönlichkeit</SoftSkill> können Sie unsere <SoftSkill>Kunden begeistern</SoftSkill> und <SoftSkill>Projekte erfolgreich abschliessen</SoftSkill>.,"['Freude an der Technik', 'gewinnenden Persönlichkeit', 'zielstrebigen Persönlichkeit', 'Kunden begeistern', 'Projekte erfolgreich abschliessen']", You have <SoftSkill>enjoyment of technology</SoftSkill> and with your <SoftSkill_C>winning</SoftSkill_C> and <SoftSkill>goal-oriented personality</SoftSkill> you can inspire our <SoftSkill>customers</SoftSkill> and successfully complete <SoftSkill>projects</SoftSkill>., You have <SoftSkill>enjoyment of technology</SoftSkill> and with your <SoftSkill>winning personality</SoftSkill> and <SoftSkill>goal-oriented personality</SoftSkill> you can inspire our <SoftSkill>customers</SoftSkill> and successfully complete <SoftSkill>projects</SoftSkill>.
15,"Zur Ergänzung unseres Teams in Ebmatingen suchen wir nach Vereinbarung eine
<SoftSkill_C>qualifizierte</SoftSkill_C>, <SoftSkill_C>initiative</SoftSkill_C> und <SoftSkill>pflichtbewusste Persönlichkeit</SoftSkill> als Technische/r Projektleiter/in mit <SoftSkill>Verkaufsflair</SoftSkill>, 100 %","Zur Ergänzung unseres Teams in Ebmatingen suchen wir nach Vereinbarung eine <SoftSkill>qualifizierte Persönlichkeit</SoftSkill>, <SoftSkill>initiative Persönlichkeit</SoftSkill> und <SoftSkill>pflichtbewusste Persönlichkeit</SoftSkill> als Technische/r Projektleiter/in mit <SoftSkill>Verkaufsflair</SoftSkill>, 100 %","['qualifizierte Persönlichkeit', 'initiative Persönlichkeit', 'pflichtbewusste Persönlichkeit', 'Verkaufsflair']","To complement our team in Ebmatingen, we are looking for a
<SoftSkill_C>qualified</SoftSkill_C>, <SoftSkill_C>initiative</SoftSkill_C> and <SoftSkill>committed personality</SoftSkill> as Technical Project Manager with <SoftSkill>sales flair</SoftSkill>, 100 %.","To complement our team in Ebmatingen, we are looking for a <SoftSkill>qualified personality</SoftSkill>, <SoftSkill>initiative personality</SoftSkill> and <SoftSkill>committed personality</SoftSkill> as Technical Project Manager with <SoftSkill>sales flair</SoftSkill>, 100 %."
16," <SoftSkill>Freude am exakten Gestalten</SoftSkill> und an <SoftSkill_C>Teamarbeit</SoftSkill_C>
<SoftSkill>Handwerkliches Geschick</SoftSkill>, <SoftSkill>technisches Verständnis</SoftSkill>, <SoftSkill>räumliches Vorstellungsvermögen</SoftSkill> und <SoftSkill>Interesse an neuen Technologien</SoftSkill>
<SoftSkill>Geduld</SoftSkill>, <SoftSkill>Ausdauer</SoftSkill> sowie <SoftSkill_C>genaue</SoftSkill_C>/<SoftSkill>sorgfältige Arbeitsweise</SoftSkill"," <SoftSkill>Freude am exakten Gestalten</SoftSkill> und <SoftSkill>Freude an Teamarbeit</SoftSkill>
<SoftSkill>Handwerkliches Geschick</SoftSkill>, <SoftSkill>technisches Verständnis</SoftSkill>, <SoftSkill>räumliches Vorstellungsvermögen</SoftSkill> und <SoftSkill>Interesse an neuen Technologien</SoftSkill>
<SoftSkill>Geduld</SoftSkill>, <SoftSkill>Ausdauer</SoftSkill> sowie <SoftSkill>genaue Arbeitsweise</SoftSkill>/<SoftSkill>sorgfältige Arbeitsweise</SoftSkill>","['Freude am exakten Gestalten', 'Freude an Teamarbeit', 'Handwerkliches Geschick', 'technisches Verständnis', 'räumliches Vorstellungsvermögen', 'Interesse an neuen Technologien', 'Geduld', 'Ausdauer', 'genaue Arbeitsweise', 'sorgfältige Arbeitsweise']"," <SoftSkill>Enjoyment of precise design</SoftSkill> and <SoftSkill_C>teamwork</SoftSkill_C>.
<SoftSkill>handicraft skills</SoftSkill>, <SoftSkill>technical understanding</SoftSkill>, <SoftSkill>spatial imagination</SoftSkill> and <SoftSkill>interest in new technologies</SoftSkill>.
<SoftSkill>patience</SoftSkill>, <SoftSkill>perseverance</SoftSkill> and <SoftSkill_C>accurate</SoftSkill_C>/<SoftSkill>careful way of working</SoftSkill"," <SoftSkill>Enjoyment of precise design</SoftSkill> and <SoftSkill>Enjoyment of teamwork</SoftSkill>.
<SoftSkill>handcraft skills</SoftSkill>, <SoftSkill>technical understanding</SoftSkill>, <SoftSkill>spatial imagination</SoftSkill> and <SoftSkill>interest in new technologies</SoftSkill>.
<SoftSkill>patience</SoftSkill>, <SoftSkill>perseverance</SoftSkill> and <SoftSkill>accurate working style</SoftSkill>/<SoftSkill>careful working style</SoftSkill>."
17, Mit Ihren <SoftSkill_C>analytischen</SoftSkill_C> und <SoftSkill>konzeptionellen Fähigkeiten</SoftSkill> <SoftSkill>erkennen Sie Herausforderungen</SoftSkill> und sind <SoftSkill>rasch in der Lösungsfindung</SoftSkill>., Mit Ihren <SoftSkill>analytischen Fähigkeiten</SoftSkill> und <SoftSkill>konzeptionellen Fähigkeiten</SoftSkill> <SoftSkill>erkennen Sie Herausforderungen</SoftSkill> und sind <SoftSkill>rasch in der Lösungsfindung</SoftSkill>.,"['analytischen Fähigkeiten', 'konzeptionellen Fähigkeiten', 'erkennen Sie Herausforderungen', 'rasch in der Lösungsfindung']", With your <SoftSkill_C>analytical</SoftSkill_C> and <SoftSkill>conceptual skills</SoftSkill> <SoftSkill>you recognise challenges</SoftSkill> and are <SoftSkill>rash at finding solutions</SoftSkill>., With your <SoftSkill>analytical skills</SoftSkill> and <SoftSkill>conceptual skills</SoftSkill> <SoftSkill>you recognise challenges</SoftSkill> and are <SoftSkill>rash at finding solutions</SoftSkill>.
18, Sie <SoftSkill>schätzen eine anspruchsvolle Arbeit mit viel Abwechslung</SoftSkill> und <SoftSkill_C>täglichen Lernmöglichkeiten</SoftSkill_C>., Sie <SoftSkill>schätzen eine anspruchsvolle Arbeit mit viel Abwechslung</SoftSkill> und <SoftSkill>schätzen täglichen Lernmöglichkeiten</SoftSkill>.,"['schätzen eine anspruchsvolle Arbeit mit viel Abwechslung', 'schätzen täglichen Lernmöglichkeiten']", You <SoftSkill>appreciate challenging work with lots of variety</SoftSkill> and <SoftSkill_C>day-to-day learning opportunities</SoftSkill_C>., You <SoftSkill>value challenging work with lots of variety</SoftSkill> and <SoftSkill>value daily learning opportunities</SoftSkill>.
19,<SoftSkill_C>Hohe soziale</SoftSkill_C> und <SoftSkill>persönliche Kompetenzen</SoftSkill> sind weitere Grundvoraussetzungen zur erfolgreichen Ausübung dieser interessanten Stelle.,<SoftSkill>Hohe soziale Kompetenzen</SoftSkill> und <SoftSkill>persönliche Kompetenzen</SoftSkill> sind weitere Grundvoraussetzungen zur erfolgreichen Ausübung dieser interessanten Stelle.,"['Hohe soziale Kompetenzen', 'persönliche Kompetenzen']",<SoftSkill_C>High social</SoftSkill_C> and <SoftSkill>personal skills</SoftSkill> are further basic requirements for the successful performance of this interesting position.,<SoftSkill>High social skills</SoftSkill> and <SoftSkill>personal skills</SoftSkill> are further basic requirements for the successful performance of this interesting position.
20," Sie überzeugen
durch ein <SoftSkill>fachkompetentes Auftreten</SoftSkill>, <SoftSkill>ausgeprägte Teamfähigkeit</SoftSkill> sowie eine <SoftSkill_C>analytische</SoftSkill_C>
und <SoftSkill>ganzheitliche Denkweise</SoftSkill>."," Sie überzeugen durch ein <SoftSkill>fachkompetentes Auftreten</SoftSkill>, <SoftSkill>ausgeprägte Teamfähigkeit</SoftSkill> sowie eine <SoftSkill>analytische Denkweise</SoftSkill> und <SoftSkill>ganzheitliche Denkweise</SoftSkill>.","['fachkompetentes Auftreten', 'ausgeprägte Teamfähigkeit', 'analytische Denkweise', 'ganzheitliche Denkweise']"," You convince
by your <SoftSkill>professional appearance</SoftSkill>, <SoftSkill>strong teamwork skills</SoftSkill> as well as an <SoftSkill_C>analytical</SoftSkill_C> and <SoftSkill_C>holistic way of thinking</SoftSkill>.
and <SoftSkill>holistic way of thinking</SoftSkill>."," You convince with a <SoftSkill>professional competent appearance</SoftSkill>, <SoftSkill>pronounced ability to work in a team</SoftSkill> as well as a <SoftSkill>analytical way of thinking</SoftSkill> and <SoftSkill>holistic way of thinking</SoftSkill>."
21," •  <SoftSkill_C>Freundliches</SoftSkill_C> und <SoftSkill>zuvorkommendes Auftreten gegenüber dem Team, der Kundschaft und den Lieferanten</SoftSkill>
Das bringen Sie mit:"," <SoftSkill>Freundliches Auftreten</SoftSkill> und <SoftSkill>zuvorkommendes Auftreten gegenüber dem Team, der Kundschaft und den Lieferanten</SoftSkill>
Das bringen Sie mit:","['Freundliches Auftreten', 'zuvorkommendes Auftreten gegenüber dem Team, der Kundschaft und den Lieferanten']"," - <SoftSkill_C>Friendly</SoftSkill_C> and <SoftSkill>Accommodating manner towards the team, the clientele and the suppliers</SoftSkill>.
What you bring with you:"," <SoftSkill>Friendly manner</SoftSkill> and <SoftSkill>Accommodating manner towards the team, the clientele and the suppliers</SoftSkill>.
What you bring with you:"
22," Sie sind es <SoftSkill>gewohnt, qualitäts- und kostenbewusst</SoftSkill> zu <SoftSkill_C>denken</SoftSkill_C> und zu <SoftSkill_C>handeln</SoftSkill_C>, haben <SoftSkill>organisatorisches Flair</SoftSkill>, sind <SoftSkill>belastbar</SoftSkill> und <SoftSkill_C>handeln</SoftSkill_C> zum Wohle unserer Patienten."," Sie sind es <SoftSkill>gewohnt, qualitäts- und kostenbewusst</SoftSkill> zu <SoftSkill>denken</SoftSkill> und <SoftSkill>handeln</SoftSkill>, haben <SoftSkill>organisatorisches Flair</SoftSkill>, sind <SoftSkill>belastbar</SoftSkill> und <SoftSkill>handeln</SoftSkill> zum Wohle unserer Patienten.","['gewohnt, qualitäts- und kostenbewusst', 'denken', 'handeln', 'organisatorisches Flair', 'belastbar', 'handeln']"," You are <SoftSkill>accustomed to <SoftSkill_C>thinking</SoftSkill_C> and <SoftSkill_C>acting</SoftSkill_C> in a quality- and cost-conscious manner, have <SoftSkill>organisational flair</SoftSkill>, are <SoftSkill>able</SoftSkill> and <SoftSkill_C>acting</SoftSkill_C> for the benefit of our patients."," You are <SoftSkill>accustomed to <SoftSkill>thinking</SoftSkill> and <SoftSkill>acting</SoftSkill> in a quality- and cost-conscious manner, have <SoftSkill>organisational flair</SoftSkill>, are <SoftSkill>able</SoftSkill> and <SoftSkill>acting</SoftSkill> for the benefit of our patients."
23, •  <SoftSkill>Kompetenz in der Lösungsorientierung</SoftSkill> und <SoftSkill_C>Problemlösung</SoftSkill_C, <SoftSkill>Kompetenz in der Lösungsorientierung</SoftSkill> und <SoftSkill>Kompetenz in der Problemlösung</SoftSkill>.,"['Kompetenz in der Lösungsorientierung', 'Kompetenz in der Problemlösung']", - <SoftSkill>Competence in solution orientation</SoftSkill> and <SoftSkill_C>Problem solving</SoftSkill_C, <SoftSkill>Competence in Solution Orientation</SoftSkill> and <SoftSkill>Competence in Problem Solving</SoftSkill>.
24," Sehr gute Kenntnisse der Bundesverwaltung und der Schweizer Wirtschaft, <SoftSkill>Durchsetzungsfähigkeit</SoftSkill> und <SoftSkill_C>überdurchschnittliche Kommunikations-</SoftSkill_C> und <SoftSkill>Vernetzungsfähigkeiten</SoftSkill> sind weitere Voraussetzungen für diese Stelle."," Sehr gute Kenntnisse der Bundesverwaltung und der Schweizer Wirtschaft, <SoftSkill>Durchsetzungsfähigkeit</SoftSkill> und <SoftSkill>überdurchschnittliche Kommunikationsfähigkeiten</SoftSkill> und <SoftSkill>Vernetzungsfähigkeiten</SoftSkill> sind weitere Voraussetzungen für diese Stelle.","['Durchsetzungsfähigkeit', 'überdurchschnittliche Kommunikationsfähigkeiten', 'Vernetzungsfähigkeiten']"," Very good knowledge of the federal administration and the Swiss economy, <SoftSkill>assertiveness</SoftSkill> and <SoftSkill_C>above-average communication</SoftSkill_C> and <SoftSkill>networking skills</SoftSkill> are further requirements for this position."," Very good knowledge of the federal administration and the Swiss economy, <SoftSkill>assertiveness</SoftSkill> and <SoftSkill>above-average communication skills</SoftSkill> and <SoftSkill>networking skills</SoftSkill> are further requirements for this position."
25," •  <SoftSkill_C>Starke analytische</SoftSkill_C>, <SoftSkill_C>vernetzte</SoftSkill_C> und <SoftSkill>pragmatische Denkweise</SoftSkill> gepaart mit <SoftSkill>ausgeprägtem
Qualitätsbewusstsein</SoftSkill"," • <SoftSkill>Starke analytische Denkweise</SoftSkill>, <SoftSkill>vernetzte Denkweise</SoftSkill> und <SoftSkill>pragmatische Denkweise</SoftSkill> gepaart mit <SoftSkill>ausgeprägtem Qualitätsbewusstsein</SoftSkill>","['Starke analytische Denkweise', 'vernetzte Denkweise', 'pragmatische Denkweise', 'ausgeprägtem Qualitätsbewusstsein']"," - <SoftSkill_C>Strong analytical</SoftSkill_C>, <SoftSkill_C>networked</SoftSkill_C> and <SoftSkill>pragmatic way of thinking</SoftSkill> paired with <SoftSkill>pronounced
quality awareness</SoftSkill"," - <SoftSkill>Strong analytical mindset</SoftSkill>, <SoftSkill>networked mindset</SoftSkill> and <SoftSkill>pragmatic mindset</SoftSkill> paired with <SoftSkill>strong quality awareness</SoftSkill>."
26,•  Sie <SoftSkill>arbeiten sowohl prozess-</SoftSkill> und <SoftSkill_C>zielorientiert</SoftSkill_C> sowie <SoftSkill_C>konzeptionell</SoftSkill_C> mit dem nötigen Anteil <SoftSkill>Pragmatismus</SoftSkill,• Sie <SoftSkill>arbeiten sowohl prozessorientiert</SoftSkill> und <SoftSkill>arbeiten sowohl zielorientiert</SoftSkill> sowie <SoftSkill>arbeiten konzeptionell</SoftSkill> mit dem nötigen Anteil <SoftSkill>Pragmatismus</SoftSkill>,"['arbeiten sowohl prozessorientiert', 'arbeiten sowohl zielorientiert', 'arbeiten konzeptionell', 'Pragmatismus']",- They <SoftSkill>work both process</SoftSkill> and <SoftSkill_C>goal-oriented</SoftSkill_C> as well as <SoftSkill_C>conceptual</SoftSkill_C> with the necessary share of <SoftSkill>pragmatism</SoftSkill,- They <SoftSkill>work both process-oriented</SoftSkill> and <SoftSkill>work both goal-oriented</SoftSkill> as well as <SoftSkill>work conceptually</SoftSkill> with the necessary amount of <SoftSkill>pragmatism</SoftSkill>.
27,Sie sind sich gewohnt <SoftSkill_C>vorausschauend</SoftSkill_C> und <SoftSkill>vernetzt zu denken</SoftSkill> und <SoftSkill_C>zu handeln</SoftSkill_C>.,Sie sind sich gewohnt <SoftSkill>vorausschauend zu denken</SoftSkill> und <SoftSkill>vernetzt zu denken</SoftSkill> und <SoftSkill>vorausschauend und vernetzt zu handeln</SoftSkill>.,"['vorausschauend zu denken', 'vernetzt zu denken', 'vorausschauend und vernetzt zu handeln']",They are accustomed to <SoftSkill_C>thinking ahead</SoftSkill_C> and <SoftSkill>networking</SoftSkill> and <SoftSkill_C>acting</SoftSkill_C>.,They are used to <SoftSkill>thinking ahead</SoftSkill> and <SoftSkill>networking</SoftSkill> and <SoftSkill>acting with foresight and networking</SoftSkill>.
28," Wir suchen nach Vereinbarung eine <SoftSkill_C>zielstrebige</SoftSkill_C>, <SoftSkill>international ausgerichtete Persönlichkeit</SoftSkill> als
Head (m/w) Category Management & Development
- in Europe"," Wir suchen nach Vereinbarung eine <SoftSkill>zielstrebige Persönlichkeit</SoftSkill>, <SoftSkill>international ausgerichtete Persönlichkeit</SoftSkill> als Head (m/w) Category Management & Development
- in Europe","['zielstrebige Persönlichkeit', 'international ausgerichtete Persönlichkeit']"," We are looking for a <SoftSkill_C>goal-oriented<//SoftSkill_C>, <SoftSkill>internationally oriented personality<//SoftSkill> as
Head (m/f) Category Management & Development
- in Europe"," We are looking for a <SoftSkill>goal-oriented personality<//SoftSkill>, <SoftSkill>internationally oriented personality<//SoftSkill> as Head (m/f) Category Management & Development
- in Europe"
29," Abgeschlossene Berufslehre in der Elektro- oder Baubranche und mehrjährige Erfahrung im Fahrleitungsbau inkl. Schaltberechtigung
<SoftSkill_C>Hohes Verantwortungs-</SoftSkill_C> und <SoftSkill>Sicherheitsbewusstsein</SoftSkill>
Führerausweis Kat."," Abgeschlossene Berufslehre in der Elektro- oder Baubranche und mehrjährige Erfahrung im Fahrleitungsbau inkl. Schaltberechtigung
<SoftSkill>Hohes Verantwortungsbewusstsein</SoftSkill> und <SoftSkill>Sicherheitsbewusstsein</SoftSkill>
Führerausweis Kat.","['Hohes Verantwortungsbewusstsein', 'Sicherheitsbewusstsein']"," Completed professional apprenticeship in the electrical or construction industry and several years of experience in overhead line construction incl. switching authorisation.
<SoftSkill_C>High sense of responsibility</SoftSkill_C> and <SoftSkill>Safety awareness</SoftSkill>.
Driving licence cat."," Completed professional apprenticeship in the electrical or construction industry and several years of experience in overhead line construction incl. switching authorisation.
<SoftSkill>High sense of responsibility</SoftSkill> and <SoftSkill>Safety awareness</SoftSkill>.
Driving licence cat."
30,•  <SoftSkill>Bereitschaft früh aufzustehen</SoftSkill> und <SoftSkill_C>unregelmässig zu Arbeiten</SoftSkill_C,<SoftSkill>Bereitschaft früh aufzustehen</SoftSkill> und <SoftSkill>Bereitschaft unregelmässig zu Arbeiten</SoftSkill>.,"['Bereitschaft früh aufzustehen', 'Bereitschaft unregelmässig zu Arbeiten']",- <SoftSkill>Willingness to get up early</SoftSkill> and <SoftSkill_C>working irregularly</SoftSkill_C,<SoftSkill>Willingness to get up early</SoftSkill> and <SoftSkill>Willingness to work irregularly</SoftSkill>.
31, Sie <SoftSkill>setzen gerne kreative Ideen um</SoftSkill> und <SoftSkill_C>schätzen</SoftSkill_C> den <SoftSkill>kollegialen Umgang in einem motivierten Team</SoftSkill>., Sie <SoftSkill>setzen gerne kreative Ideen um</SoftSkill> und <SoftSkill>schätzen den kollegialen Umgang in einem motivierten Team</SoftSkill>.,"['setzen gerne kreative Ideen um', 'schätzen den kollegialen Umgang in einem motivierten Team']", You <SoftSkill>like to implement creative ideas</SoftSkill> and <SoftSkill_C>appreciate</SoftSkill_C> the <SoftSkill>collegial interaction in a motivated team</SoftSkill>., You <SoftSkill>like to implement creative ideas</SoftSkill> and <SoftSkill>appreciate the collegial interaction in a motivated team</SoftSkill>.
32, Dank Ihrer <SoftSkill_C>kompetenten</SoftSkill_C> und <SoftSkill>zielorientierten Kommunikationsweise</SoftSkill> führen Sie Verhandlungen sachbezogen mit einem pragmatischen Lösungsansatz., Dank Ihrer <SoftSkill>kompetenten Kommunikationsweise</SoftSkill> und <SoftSkill>zielorientierten Kommunikationsweise</SoftSkill> führen Sie Verhandlungen sachbezogen mit einem pragmatischen Lösungsansatz.,"['kompetenten Kommunikationsweise', 'zielorientierten Kommunikationsweise']"," Thanks to your <SoftSkill_C>competent</SoftSkill_C> and <SoftSkill>goal-oriented communication style</SoftSkill>, you conduct negotiations in a fact-based manner with a pragmatic approach to finding solutions."," Thanks to your <SoftSkill>competent communication style</SoftSkill> and <SoftSkill>goal-oriented communication style</SoftSkill>, you conduct negotiations in a fact-based manner with a pragmatic approach to finding solutions."
33, <SoftSkill_C>Verständliche</SoftSkill_C> und <SoftSkill>differenzierte Ausdrucksweise</SoftSkill> (v.a. schriftlich), <SoftSkill>Verständliche Ausdrucksweise</SoftSkill> und <SoftSkill>differenzierte Ausdrucksweise</SoftSkill> (v.a. schriftlich),"['Verständliche Ausdrucksweise', 'differenzierte Ausdrucksweise']", <SoftSkill_C>Comprehensible</SoftSkill_C> and <SoftSkill>differentiated expression</SoftSkill> (especially in writing)., <SoftSkill>Comprehensible expression</SoftSkill> and <SoftSkill>differentiated expression</SoftSkill> (especially in writing)
34,Als <SoftSkill_C>offene</SoftSkill_C> und <SoftSkill>flexible Führungsperson</SoftSkill> pflegen Sie eine <SoftSkill_C>professionelle</SoftSkill_C> und <SoftSkill>verantwortungsbewusste Arbeitsweise</SoftSkill>.,Als <SoftSkill>offene Führungsperson</SoftSkill> und <SoftSkill>flexible Führungsperson</SoftSkill> pflegen Sie eine <SoftSkill>professionelle Arbeitsweise</SoftSkill> und <SoftSkill>verantwortungsbewusste Arbeitsweise</SoftSkill>.,"['offene Führungsperson', 'flexible Führungsperson', 'professionelle Arbeitsweise', 'verantwortungsbewusste Arbeitsweise']",As a <SoftSkill_C>open</SoftSkill_C> and <SoftSkill>flexible leader</SoftSkill> you cultivate a <SoftSkill_C>professional</SoftSkill_C> and <SoftSkill>responsible way of working</SoftSkill>.,As a <SoftSkill>open leader</SoftSkill> and <SoftSkill>flexible leader</SoftSkill> you cultivate a <SoftSkill>professional way of working</SoftSkill> and <SoftSkill>responsible way of working</SoftSkill>.
35,"Sie sind eine <SoftSkill_C>kontaktfreudige</SoftSkill_C>, <SoftSkill_C>zuverlässige</SoftSkill_C> und <SoftSkill>engagierte Person</SoftSkill> und <SoftSkill>arbeiten gerne im Team</SoftSkill>.","Sie sind eine <SoftSkill>kontaktfreudige Person</SoftSkill>, <SoftSkill>zuverlässige Person</SoftSkill> und <SoftSkill>engagierte Person</SoftSkill> und <SoftSkill>arbeiten gerne im Team</SoftSkill>.","['kontaktfreudige Person', 'zuverlässige Person', 'engagierte Person', 'arbeiten gerne im Team']","You are a <SoftSkill_C>contactful</SoftSkill_C>, <SoftSkill_C>reliable</SoftSkill_C> and <SoftSkill>dedicated person</SoftSkill> and <SoftSkill>like to work in a team</SoftSkill>.","You are a <SoftSkill>contact person</SoftSkill>, <SoftSkill>reliable person</SoftSkill> and <SoftSkill>engaged person</SoftSkill> and <SoftSkill>like to work in a team</SoftSkill>."
36," Eine <SoftSkill_C>dynamische</SoftSkill_C>, <SoftSkill>leistungsorientierte Persönlichkeit</SoftSkill>, die mit einer starken Firma als Stütze mit viel Eigenverantwortung in die Zukunft gehen will!"," Eine <SoftSkill>dynamische Persönlichkeit</SoftSkill>, <SoftSkill>leistungsorientierte Persönlichkeit</SoftSkill>, die mit einer starken Firma als Stütze mit viel Eigenverantwortung in die Zukunft gehen will!","['dynamische Persönlichkeit', 'leistungsorientierte Persönlichkeit']"," A <SoftSkill_C>dynamic</SoftSkill_C>, <SoftSkill>performance-oriented personality</SoftSkill> who wants to go into the future with a strong company as a support with a lot of personal responsibility!"," A <SoftSkill>dynamic personality</SoftSkill>, <SoftSkill>performance-oriented personality</SoftSkill>, who wants to go into the future with a strong company as a support with a lot of personal responsibility!"
37," Sie sind...
...ein <SoftSkill>absoluter Morgenmensch</SoftSkill> und eine <SoftSkill_C>herzliche</SoftSkill_C>, <SoftSkill_C>offene</SoftSkill_C> und <SoftSkill>begeisterungsfähige Person</SoftSkill> die <SoftSkill>mit viel Freude</SoftSkill> und <SoftSkill>Liebe zum Detail</SoftSkill> eine top Dienstleistung erbringt."," Sie sind ein <SoftSkill>absoluter Morgenmensch</SoftSkill> und eine <SoftSkill>herzliche Person</SoftSkill>, <SoftSkill>offene Person</SoftSkill> und <SoftSkill>begeisterungsfähige Person</SoftSkill> die <SoftSkill>mit viel Freude</SoftSkill> und <SoftSkill>Liebe zum Detail</SoftSkill> eine top Dienstleistung erbringt.","['absoluter Morgenmensch', 'herzliche Person', 'offene Person', 'begeisterungsfähige Person', 'mit viel Freude', 'Liebe zum Detail']"," You are...
...an <SoftSkill>absolute morning person</SoftSkill> and a <SoftSkill_C>hearted</SoftSkill_C>, <SoftSkill_C>open</SoftSkill_C> and <SoftSkill>enthusiastic person</SoftSkill> who <SoftSkill>delivers a top service with a lot of joy</SoftSkill> and <SoftSkill>love for detail</SoftSkill>."," You are an <SoftSkill>absolute morning person</SoftSkill> and a <SoftSkill>hearty person</SoftSkill>, <SoftSkill>open person</SoftSkill> and <SoftSkill>enthusiastic person</SoftSkill> who <SoftSkill>delivers a top service with a lot of joy</SoftSkill> and <SoftSkill>love for detail</SoftSkill>."
38,"Abgeschlossene Volksschule (mittlere o. oberste Stufe), gute Mathematik- u. Deutschnoten, <SoftSkill_C>positives Lern-</SoftSkill_C> u. <SoftSkill>Sozialverhalten</SoftSkill>.","Abgeschlossene Volksschule (mittlere o. oberste Stufe), gute Mathematik- u. Deutschnoten, <SoftSkill>positives Lernverhalten</SoftSkill> u. <SoftSkill>positives Sozialverhalten</SoftSkill>.","['positives Lernverhalten', 'positives Sozialverhalten']","Completed primary school (middle or upper level), good maths and German grades, <SoftSkill_C>positive learning</SoftSkill_C> and <SoftSkill>social behaviour</SoftSkill>.","Completed primary school (middle or upper level), good maths and German grades, <SoftSkill>positive learning behaviour</SoftSkill> and <SoftSkill>positive social behaviour</SoftSkill>."
39," •  <SoftSkill>arbeiten dynamisch</SoftSkill>, <SoftSkill_C>strukturiert</SoftSkill_C> und Ihr <SoftSkill>Herz schlägt für die Gemeindeentwicklung</SoftSkill"," • <SoftSkill>arbeiten dynamisch</SoftSkill>, <SoftSkill>arbeiten strukturiert</SoftSkill> und Ihr <SoftSkill>Herz schlägt für die Gemeindeentwicklung</SoftSkill>","['arbeiten dynamisch', 'arbeiten strukturiert', 'Herz schlägt für die Gemeindeentwicklung']"," - <SoftSkill>work dynamically</SoftSkill>, <SoftSkill_C>structured</SoftSkill_C> and your <SoftSkill>heart beats for community development</SoftSkill"," - <SoftSkill>work dynamically</SoftSkill>, <SoftSkill>work in a structured way</SoftSkill> and your <SoftSkill>heart beats for community development</SoftSkill>."
40," Ihre Kompetenz
Sie sind eine <SoftSkill_C>junge</SoftSkill_C>, <SoftSkill_C>kommunikative</SoftSkill_C>, <SoftSkill_C>sympathische</SoftSkill_C> und <SoftSkill>erfolgsorientierte Persönlichkeit</SoftSkill> und bewegen sich gerne in der Aargauer Gastro- und Nachtclubszene."," Ihre Kompetenz
Sie sind eine <SoftSkill>junge Persönlichkeit</SoftSkill>, <SoftSkill>kommunikative Persönlichkeit</SoftSkill>, <SoftSkill>sympathische Persönlichkeit</SoftSkill> und <SoftSkill>erfolgsorientierte Persönlichkeit</SoftSkill> und bewegen sich gerne in der Aargauer Gastro- und Nachtclubszene.","['junge Persönlichkeit', 'kommunikative Persönlichkeit', 'sympathische Persönlichkeit', 'erfolgsorientierte Persönlichkeit']"," Your competence
You are a <SoftSkill_C>young</SoftSkill_C>, <SoftSkill_C>communicative</SoftSkill_C>, <SoftSkill_C>sympathetic</SoftSkill_C> and <SoftSkill>success-oriented personality</SoftSkill> and like to move around in the Aargau gastro and nightclub scene."," Your competence
You are a <SoftSkill>young personality</SoftSkill>, <SoftSkill>communicative personality</SoftSkill>, <SoftSkill>sympathetic personality</SoftSkill> and <SoftSkill>success-oriented personality</SoftSkill> and like to move around in the Aargau gastro and nightclub scene."
41, Ihr <SoftSkill_C>freundlicher</SoftSkill_C> und <SoftSkill>zuvorkommender Umgang mit unseren Fahrgästen hinterlässt Eindruck</SoftSkill>., Ihr <SoftSkill>freundlicher Umgang mit unseren Fahrgästen hinterlässt Eindruck</SoftSkill> und <SoftSkill>zuvorkommender Umgang mit unseren Fahrgästen hinterlässt Eindruck</SoftSkill>.,"['freundlicher Umgang mit unseren Fahrgästen hinterlässt Eindruck', 'zuvorkommender Umgang mit unseren Fahrgästen hinterlässt Eindruck']", Your <SoftSkill_C>friendly</SoftSkill_C> and <SoftSkill>protective approach to our passengers leaves an impression</SoftSkill>., Your <SoftSkill>friendly treatment of our passengers leaves an impression</SoftSkill> and <SoftSkill>protective treatment of our passengers leaves an impression</SoftSkill>.
42, Sie verfügen über <SoftSkill_C>ausgeprägte analytische</SoftSkill_C> und <SoftSkill>betriebswirtschaftliche Fähigkeiten</SoftSkill>., Sie verfügen über <SoftSkill>ausgeprägte analytische Fähigkeiten</SoftSkill> und <SoftSkill>betriebswirtschaftliche Fähigkeiten</SoftSkill>.,"['ausgeprägte analytische Fähigkeiten', 'betriebswirtschaftliche Fähigkeiten']", You have <SoftSkill_C>strong analytical</SoftSkill_C> and <SoftSkill>business skills</SoftSkill>., You have <SoftSkill>strong analytical skills</SoftSkill> and <SoftSkill>business management skills</SoftSkill>.
43,"Zählen Sie eine <SoftSkill_C>exakte</SoftSkill_C> und <SoftSkill>sorgfältige Arbeitsweise</SoftSkill> ebenso zu Ihren Stärken wie <SoftSkill>Zuverlässigkeit</SoftSkill>, <SoftSkill>Belastbarkeit</SoftSkill> und eine <SoftSkill>rasche Auffassungsgabe</SoftSkill>?","Zählen Sie eine <SoftSkill>exakte Arbeitsweise</SoftSkill> und <SoftSkill>sorgfältige Arbeitsweise</SoftSkill> ebenso zu Ihren Stärken wie <SoftSkill>Zuverlässigkeit</SoftSkill>, <SoftSkill>Belastbarkeit</SoftSkill> und eine <SoftSkill>rasche Auffassungsgabe</SoftSkill>?","['exakte Arbeitsweise', 'sorgfältige Arbeitsweise', 'Zuverlässigkeit', 'Belastbarkeit', 'rasche Auffassungsgabe']","Do you count <SoftSkill_C>exact</SoftSkill_C> and <SoftSkill>careful working methods</SoftSkill> among your strengths as well as <SoftSkill>reliability</SoftSkill>, <SoftSkill>resilience</SoftSkill> and a <SoftSkill>rapid grasp</SoftSkill>?","Do you count a <SoftSkill>precise way of working</SoftSkill> and <SoftSkill>careful way of working</SoftSkill> among your strengths as well as <SoftSkill>reliability</SoftSkill>, <SoftSkill>resilience</SoftSkill> and a <SoftSkill>rapid grasp</SoftSkill>?"
44," Ihre <SoftSkill_C>aufgestellte</SoftSkill_C>, <SoftSkill_C>freundliche</SoftSkill_C> und <SoftSkill>kundenorientierte Art</SoftSkill> zeichnet Sie aus."," Ihre <SoftSkill>aufgestellte Art</SoftSkill>, <SoftSkill>freundliche Art</SoftSkill> und <SoftSkill>kundenorientierte Art</SoftSkill> zeichnet Sie aus.","['aufgestellte Art', 'freundliche Art', 'kundenorientierte Art']"," Your <SoftSkill_C>attitude</SoftSkill_C>, <SoftSkill_C>friendly</SoftSkill_C> and <SoftSkill>customer-oriented manner</SoftSkill> sets you apart."," Your <SoftSkill>fancy</SoftSkill>, <SoftSkill>friendly</SoftSkill> and <SoftSkill>customer-oriented</SoftSkill> characterise you."
45," Packen Sie diese Gelegenheit und starten Sie die Erfolgsgeschichte dieses Unternehmens mit Kompetenz, <SoftSkill>Leistungsfähigkeit</SoftSkill> und <SoftSkill_C>Führungs-</SoftSkill_C> wie auch <SoftSkill>Handlungsgeschick</SoftSkill>."," Packen Sie diese Gelegenheit und starten Sie die Erfolgsgeschichte dieses Unternehmens mit Kompetenz, <SoftSkill>Leistungsfähigkeit</SoftSkill> und <SoftSkill>Führungsgeschick</SoftSkill> wie auch <SoftSkill>Handlungsgeschick</SoftSkill>.","['Leistungsfähigkeit', 'Führungsgeschick', 'Handlungsgeschick']"," Grab this opportunity and start this company's success story with competence, <SoftSkill>performance</SoftSkill> and <SoftSkill_C>leadership</SoftSkill_C> as well as <SoftSkill>action</SoftSkill>."," Grab this opportunity and start this company's success story with competence, <SoftSkill>performance</SoftSkill> and <SoftSkill>leadership</SoftSkill> as well as <SoftSkill>action</SoftSkill>."
46,"Sie <SoftSkill>arbeiten verantwortungsbewusst</SoftSkill>, <SoftSkill_C>selbständig</SoftSkill_C>, sind <SoftSkill>teamfähig</SoftSkill> und <SoftSkill>belastbar</SoftSkill>.","Sie <SoftSkill>arbeiten verantwortungsbewusst</SoftSkill>, <SoftSkill>arbeiten selbständig</SoftSkill>, sind <SoftSkill>teamfähig</SoftSkill> und <SoftSkill>sind belastbar</SoftSkill>.","['arbeiten verantwortungsbewusst', 'arbeiten selbständig', 'teamfähig', 'sind belastbar']","You <SoftSkill>work responsibly</SoftSkill>, <SoftSkill_C>independently</SoftSkill_C>, are <SoftSkill>team-oriented</SoftSkill> and <SoftSkill>resilient</SoftSkill>.","You <SoftSkill>work responsibly</SoftSkill>, <SoftSkill>work independently</SoftSkill>, <SoftSkill>are a team player</SoftSkill> and <SoftSkill>are able to work under pressure</SoftSkill>."
47," B, C
<SoftSkill_C>Exakte</SoftSkill_C> und <SoftSkill>systematische Arbeitsweise</SoftSkill>
<SoftSkill>Körperliche Belastbarkeit</SoftSkill>
<SoftSkill_C>Team-</SoftSkill_C> und <SoftSkill>Kommunikationsfähigkeit</SoftSkill>
<SoftSkill>Bereitschaft Pikettdienst zu leisten</SoftSkill"," B, C
<SoftSkill>Exakte Arbeitsweise</SoftSkill> und <SoftSkill>systematische Arbeitsweise</SoftSkill>
<SoftSkill>Körperliche Belastbarkeit</SoftSkill>
<SoftSkill>Teamfähigkeit</SoftSkill> und <SoftSkill>Kommunikationsfähigkeit</SoftSkill>
<SoftSkill>Bereitschaft Pikettdienst zu leisten</SoftSkill>","['Exakte Arbeitsweise', 'systematische Arbeitsweise', 'Körperliche Belastbarkeit', 'Teamfähigkeit', 'Kommunikationsfähigkeit', 'Bereitschaft Pikettdienst zu leisten']"," B, C
<SoftSkill_C>Exact</SoftSkill_C> and <SoftSkill>systematic way of working</SoftSkill>.
<SoftSkill>Physical resilience</SoftSkill>.
<SoftSkill_C>Team</SoftSkill_C> and <SoftSkill>Communication skills</SoftSkill>.
<SoftSkill>Willingness to work on-call</SoftSkill"," B, C
<SoftSkill>Exact way of working</SoftSkill> and <SoftSkill>systematic way of working</SoftSkill>.
<SoftSkill>physical resilience</SoftSkill>.
<SoftSkill>Teamwork ability</SoftSkill> and <SoftSkill>Communication skills</SoftSkill>.
<SoftSkill>Willingness to work on-call</SoftSkill>"
48,<SoftSkill>Lust am Mitdenken</SoftSkill> und <SoftSkill_C>Mitgestalten</SoftSkill_C,<SoftSkill>Lust am Mitdenken</SoftSkill> und <SoftSkill>Lust am Mitgestalten</SoftSkill>,"['Lust am Mitdenken', 'Lust am Mitgestalten']",<SoftSkill>Lust for thinking along</SoftSkill> and <SoftSkill_C>Co-creating</SoftSkill_C,<SoftSkill>Lust for Thinking</SoftSkill> and <SoftSkill>Lust for Shaping</SoftSkill>.
49, Du <SoftSkill>gehst gerne selbstbewusst</SoftSkill> und <SoftSkill_C>offen auf Menschen zu</SoftSkill_C>., Du <SoftSkill>gehst gerne selbstbewusst</SoftSkill> und <SoftSkill>gehst gerne offen auf Menschen zu</SoftSkill>.,"['gehst gerne selbstbewusst', 'gehst gerne offen auf Menschen zu']", You <SoftSkill>like to approach people confidently</SoftSkill> and <SoftSkill_C>openly</SoftSkill_C>., You <SoftSkill>like to be confident</SoftSkill> and <SoftSkill>like to approach people openly</SoftSkill>.
50," •  Ihr <SoftSkill_C>äusserst ergebnis-</SoftSkill_C>, <SoftSkill_C>service-</SoftSkill_C> sowie <SoftSkill>teamorientierter Arbeitsstil</SoftSkill> wird ergänzt durch <SoftSkill>ausgezeichnete analytische Fähigkeiten</SoftSkill"," • Ihr <SoftSkill>äusserst ergebnisorientierter Arbeitsstil</SoftSkill>, <SoftSkill>serviceorientierter Arbeitsstil</SoftSkill> sowie <SoftSkill>teamorientierter Arbeitsstil</SoftSkill> wird ergänzt durch <SoftSkill>ausgezeichnete analytische Fähigkeiten</SoftSkill>","['äusserst ergebnisorientierter Arbeitsstil', 'serviceorientierter Arbeitsstil', 'teamorientierter Arbeitsstil', 'ausgezeichnete analytische Fähigkeiten']"," - Your <SoftSkill_C>very result</SoftSkill_C>, <SoftSkill_C>service</SoftSkill_C> and <SoftSkill>team-oriented working style</SoftSkill> is complemented by <SoftSkill>excellent analytical skills</SoftSkill"," - Your <SoftSkill>very result-oriented work style</SoftSkill>, <SoftSkill>service-oriented work style</SoftSkill> as well as <SoftSkill>team-oriented work style</SoftSkill> is complemented by <SoftSkill>excellent analytical skills</SoftSkill>."
51," <SoftSkill>offen</SoftSkill>, <SoftSkill_C>lösungs-</SoftSkill_C> und <SoftSkill>resultatorientiert</SoftSkill>, <SoftSkill>enthusiastisch</SoftSkill> und haben einen <SoftSkill>flexiblen Ansatz, die Arbeit anzugehen</SoftSkill>?"," <SoftSkill>offen</SoftSkill>, <SoftSkill>lösungsorientiert</SoftSkill> und <SoftSkill>resultatorientiert</SoftSkill>, <SoftSkill>enthusiastisch</SoftSkill> und haben einen <SoftSkill>flexiblen Ansatz, die Arbeit anzugehen</SoftSkill>?","['offen', 'lösungsorientiert', 'resultatorientiert', 'enthusiastisch', 'flexiblen Ansatz, die Arbeit anzugehen']"," <SoftSkill>open</SoftSkill>, <SoftSkill_C>solving</SoftSkill_C> and <SoftSkill>result-oriented</SoftSkill>, <SoftSkill>enthusiastic</SoftSkill> and have a <SoftSkill>flexible approach to approaching work</SoftSkill>?"," <SoftSkill>open</SoftSkill>, <SoftSkill>solutions-oriented</SoftSkill> and <SoftSkill>results-oriented</SoftSkill>, <SoftSkill>enthusiastic</SoftSkill> and have a <SoftSkill>flexible approach to approaching work</SoftSkill>?"
52,Sie haben <SoftSkill>Interesse an der Schul-entwicklung</SoftSkill> und an der <SoftSkill_C>interdisziplinären Zusammenarbeit innerhalb und außerhalb der Schule</SoftSkill_C>.,Sie haben <SoftSkill>Interesse an der Schul-entwicklung</SoftSkill> und <SoftSkill>Interesse an der interdisziplinären Zusammenarbeit innerhalb und außerhalb der Schule</SoftSkill>.,"['Interesse an der Schul-entwicklung', 'Interesse an der interdisziplinären Zusammenarbeit innerhalb und außerhalb der Schule']",You have <SoftSkill>interest in school development</SoftSkill> and in <SoftSkill_C>interdisciplinary collaboration within and outside the school</SoftSkill_C>.,You have <SoftSkill>interest in school development</SoftSkill> and <SoftSkill>interest in interdisciplinary collaboration within and outside the school</SoftSkill>.
53," Das national bestens bekannte und international vernetzte Unternehmen aus dem Engineering-, Technik- und Service-Bereich sucht über mich eine <SoftSkill_C>versierte</SoftSkill_C>, <SoftSkill_C>engagierte</SoftSkill_C> und <SoftSkill>frontorientiere Persönlichkeit</SoftSkill>.","  Das national bestens bekannte und international vernetzte Unternehmen aus dem Engineering-, Technik- und Service-Bereich sucht über mich eine <SoftSkill>versierte Persönlichkeit</SoftSkill>, <SoftSkill>engagierte Persönlichkeit</SoftSkill> und <SoftSkill>frontorientiere Persönlichkeit</SoftSkill>.","['versierte Persönlichkeit', 'engagierte Persönlichkeit', 'frontorientiere Persönlichkeit']"," The nationally best known and internationally networked company from the engineering, technology and service sector is looking for a <SoftSkill_C>versed</SoftSkill_C>, <SoftSkill_C>dedicated</SoftSkill_C> and <SoftSkill>front-oriented personality</SoftSkill> through me.","  The nationally best known and internationally networked company from the engineering, technology and service sector is looking for a <SoftSkill>versed personality</SoftSkill>, <SoftSkill>engaged personality</SoftSkill> and <SoftSkill>front-oriented personality</SoftSkill> through me."
54," •  <SoftSkill>Bereitschaft zur Wissensaneignung</SoftSkill> und <SoftSkill_C>-weitergabe</SoftSkill_C>
Ihr Werk:
Sie sind verantwortlich für die effiziente Erstellung von CAD-Zeichnungen und 3D-Modellen"," • <SoftSkill>Bereitschaft zur Wissensaneignung</SoftSkill> und <SoftSkill>Bereitschaft zur Wissensweitergabe</SoftSkill>
Ihr Werk:
Sie sind verantwortlich für die effiziente Erstellung von CAD-Zeichnungen und 3D-Modellen","['Bereitschaft zur Wissensaneignung', 'Bereitschaft zur Wissensweitergabe']"," - <SoftSkill>Willingness to acquire knowledge</SoftSkill> and <SoftSkill_C>sharing</SoftSkill_C>.
Your work:
You are responsible for the efficient creation of CAD drawings and 3D models"," - <SoftSkill>Willingness to acquire knowledge</SoftSkill> and <SoftSkill>Willingness to share knowledge</SoftSkill>.
Your work:
You are responsible for the efficient creation of CAD drawings and 3D models"
55," Sie verfügen über ein <SoftSkill>ausgeprägtes gestalterisches Flair</SoftSkill>, besitzen <SoftSkill>konzeptionelle Fähigkeiten</SoftSkill> und sind <SoftSkill>gewandt im Schreiben</SoftSkill> und <SoftSkill_C>Präsentieren</SoftSkill_C>.","  Sie verfügen über ein <SoftSkill>ausgeprägtes gestalterisches Flair</SoftSkill>, besitzen <SoftSkill>konzeptionelle Fähigkeiten</SoftSkill> und sind <SoftSkill>gewandt im Schreiben</SoftSkill> und <SoftSkill>gewandt im Präsentieren</SoftSkill>.","['ausgeprägtes gestalterisches Flair', 'konzeptionelle Fähigkeiten', 'gewandt im Schreiben', 'gewandt im Präsentieren']"," You have a <SoftSkill>strong creative flair</SoftSkill>, possess <SoftSkill>conceptual skills</SoftSkill> and are <SoftSkill>skilled in writing</SoftSkill> and <SoftSkill_C>presenting</SoftSkill_C>.","  You have a <SoftSkill>strong creative flair</SoftSkill>, possess <SoftSkill>conceptual skills</SoftSkill> and are <SoftSkill>skilled in writing</SoftSkill> and <SoftSkill>skilled in presenting</SoftSkill>."
56," Sie sind <SoftSkill_C>dienstleistungs-</SoftSkill_C> sowie
<SoftSkill>lösungsorientiert</SoftSkill> und <SoftSkill>schätzen den Kontakt zu Kunden</SoftSkill>.",Sie sind <SoftSkill>dienstleistungsorientiert</SoftSkill> sowie <SoftSkill>lösungsorientiert</SoftSkill> und <SoftSkill>schätzen den Kontakt zu Kunden</SoftSkill>.,"['dienstleistungsorientiert', 'lösungsorientiert', 'schätzen den Kontakt zu Kunden']"," You are <SoftSkill_C>service</SoftSkill_C> as well as.
<SoftSkill>solutions-oriented</SoftSkill> and <SoftSkill>appreciate contact with customers</SoftSkill>.",You are <SoftSkill>service-oriented</SoftSkill> as well as <SoftSkill>solutions-oriented</SoftSkill> and <SoftSkill>appreciate contact with customers</SoftSkill>.
57, Sie <SoftSkill>können Menschen inspirieren</SoftSkill> und sie bei Veränderungsprozessen begleiten und <SoftSkill_C>für Neues mitreissen</SoftSkill_C>., Sie <SoftSkill>können Menschen inspirieren</SoftSkill> und sie bei Veränderungsprozessen begleiten und <SoftSkill>können Menschen für Neues mitreissen</SoftSkill>.,"['können Menschen inspirieren', 'können Menschen für Neues mitreissen']", You <SoftSkill>can inspire people</SoftSkill> and accompany them in change processes and <SoftSkill_C>pull them along for something new</SoftSkill_C>., You <SoftSkill>can inspire people</SoftSkill> and accompany them in change processes and <SoftSkill>can carry people along for new things</SoftSkill>.
58,Ferner überzeugen Sie durch eine <SoftSkill_C>versierte Auftritts-</SoftSkill_C> und <SoftSkill>Moderationskompetenz</SoftSkill> in unterschiedlichen Bildungskontexten.,Ferner überzeugen Sie durch eine <SoftSkill>versierte Auftrittskompetenz</SoftSkill> und <SoftSkill>Moderationskompetenz</SoftSkill> in unterschiedlichen Bildungskontexten.,"['versierte Auftrittskompetenz', 'Moderationskompetenz']","Furthermore, you convince with <SoftSkill_C>versed performance</SoftSkill_C> and <SoftSkill>moderation skills</SoftSkill> in different educational contexts.","Furthermore, you convince through <SoftSkill>versed presentation competence</SoftSkill> and <SoftSkill>moderation competence</SoftSkill> in different educational contexts."
59," Mit Ihrer <SoftSkill_C>kreativen</SoftSkill_C>, <SoftSkill_C>kommunikativen</SoftSkill_C> und <SoftSkill>verantwortungsbewussten Art</SoftSkill>, ergänzen Sie unser Testautomations-Team ideal."," Mit Ihrer <SoftSkill>kreativen Art</SoftSkill>, <SoftSkill>kommunikativen Art</SoftSkill> und <SoftSkill>verantwortungsbewussten Art</SoftSkill>, ergänzen Sie unser Testautomations-Team ideal.","['kreativen Art', 'kommunikativen Art', 'verantwortungsbewussten Art']"," With your <SoftSkill_C>creative</SoftSkill_C>, <SoftSkill_C>communicative</SoftSkill_C> and <SoftSkill>responsible nature</SoftSkill>, you ideally complement our test automation team."," With your <SoftSkill>creative nature</SoftSkill>, <SoftSkill>communicative nature</SoftSkill> and <SoftSkill>responsible nature</SoftSkill>, you ideally complement our test automation team."
60,<SoftSkill_C>Offen</SoftSkill_C> und <SoftSkill>integrierend gehen Sie auf Menschen aus verschiedenen Kulturen zu</SoftSkill>.,<SoftSkill>Offen gehen Sie auf Menschen aus verschiedenen Kulturen zu</SoftSkill> und <SoftSkill>integrierend gehen Sie auf Menschen aus verschiedenen Kulturen zu</SoftSkill>.,"['Offen gehen Sie auf Menschen aus verschiedenen Kulturen zu', 'integrierend gehen Sie auf Menschen aus verschiedenen Kulturen zu']",<SoftSkill_C>Open</SoftSkill_C> and <SoftSkill>integrating approach people from different cultures</SoftSkill>.,<SoftSkill>Openly approach people from different cultures</SoftSkill> and <SoftSkill>Integratingly approach people from different cultures</SoftSkill>.
61," Wir sprechen eine Persönlichkeit an, die ein <SoftSkill>überdurchschnittliches Interesse an volkswirtschaftlichen Themen</SoftSkill> und <SoftSkill_C>Fragestellungen hat</SoftSkill_C>."," Wir sprechen eine Persönlichkeit an, die ein <SoftSkill>überdurchschnittliches Interesse an volkswirtschaftlichen Themen</SoftSkill> und <SoftSkill>überdurchschnittliches Interesse an Fragestellungen hat</SoftSkill>.","['überdurchschnittliches Interesse an volkswirtschaftlichen Themen', 'überdurchschnittliches Interesse an Fragestellungen hat']", We are appealing to a personality who has a <SoftSkill>above-average interest in economics</SoftSkill> and <SoftSkill_C>questions</SoftSkill_C>., We appeal to a personality who has a <SoftSkill>above-average interest in economics</SoftSkill> and <SoftSkill>above-average interest in issues</SoftSkill>.
62,<SoftSkill_C>Denken</SoftSkill_C> und <SoftSkill>handeln dienstleistungsorientiert</SoftSkill>.,<SoftSkill>Denken dienstleistungsorientiert</SoftSkill> und <SoftSkill>handeln dienstleistungsorientiert</SoftSkill>.,"['Denken dienstleistungsorientiert', 'handeln dienstleistungsorientiert']",<SoftSkill_C>Think</SoftSkill_C> and <SoftSkill>Act service-oriented</SoftSkill>.,<SoftSkill>think service-oriented</SoftSkill> and <SoftSkill>act service-oriented</SoftSkill>.
63," Zur Ergänzung unseres jungen, dynamischen Teams suchen wir für den Standort im Grossraum Bern eine <SoftSkill_C>engagierte</SoftSkill_C> und <SoftSkill>sicherheitsbewusste Persönlichkeit</SoftSkill> (w/m) als
Spezialist Arbeitssicherheit und Qualität"," Zur Ergänzung unseres jungen, dynamischen Teams suchen wir für den Standort im Grossraum Bern eine <SoftSkill>engagierte Persönlichkeit</SoftSkill> und <SoftSkill>sicherheitsbewusste Persönlichkeit</SoftSkill> (w/m) als Spezialist Arbeitssicherheit und Qualität.","['engagierte Persönlichkeit', 'sicherheitsbewusste Persönlichkeit']"," To complement our young, dynamic team, we are looking for a <SoftSkill_C>dedicated</SoftSkill_C> and <SoftSkill>safety-conscious personality</SoftSkill> (f/m) for the location in the greater Bern area as a
Specialist Occupational Safety and Quality"," To complement our young, dynamic team, we are looking for a <SoftSkill>committed personality</SoftSkill> and <SoftSkill>safety-conscious personality</SoftSkill> (f/m) as a specialist in occupational safety and quality for the location in the greater Bern area."
64," Sie weisen <SoftSkill_C>hohe Sozial-</SoftSkill_C>, <SoftSkill_C>Gestaltungs-</SoftSkill_C> und <SoftSkill>Handlungskompetenz</SoftSkill> vor sowie <SoftSkill>Engagement</SoftSkill> und <SoftSkill>Freude an Diagnostik und interdisziplinärer Behandlung von Kindern und Jugendlichen</SoftSkill>."," Sie weisen <SoftSkill>hohe Sozialkompetenz</SoftSkill>, <SoftSkill>Gestaltungskompetenz</SoftSkill> und <SoftSkill>Handlungskompetenz</SoftSkill> vor sowie <SoftSkill>Engagement</SoftSkill> und <SoftSkill>Freude an Diagnostik und interdisziplinärer Behandlung von Kindern und Jugendlichen</SoftSkill>.","['hohe Sozialkompetenz', 'Gestaltungskompetenz', 'Handlungskompetenz', 'Engagement', 'Freude an Diagnostik und interdisziplinärer Behandlung von Kindern und Jugendlichen']"," They demonstrate <SoftSkill_C>high social</SoftSkill_C>, <SoftSkill_C>shaping</SoftSkill_C> and <SoftSkill>action</SoftSkill> competence as well as <SoftSkill>engagement</SoftSkill> and <SoftSkill>enjoyment in diagnostics and interdisciplinary treatment of children and adolescents</SoftSkill>."," They demonstrate <SoftSkill>high social competence</SoftSkill>, <SoftSkill>design competence</SoftSkill> and <SoftSkill>action competence</SoftSkill> as well as <SoftSkill>commitment</SoftSkill> and <SoftSkill>enjoyment in diagnostics and interdisciplinary treatment of children and adolescents</SoftSkill>."
65," Kaufmännische Ausbildung Spediteur
<SoftSkill>Freundliches Auftreten</SoftSkill> und <SoftSkill>Eigeninitiative</SoftSkill>
Berufserfahrung in der Spedition
<SoftSkill_C>Selbständiges</SoftSkill_C> und <SoftSkill>zuverlässiges Arbeiten</SoftSkill>, <SoftSkill>kundenorientiert</SoftSkill>
Sprachen Deutsch und Spanisch Pflicht (weitere Sprachen von Vorteil)"," Kaufmännische Ausbildung Spediteur
<SoftSkill>Freundliches Auftreten</SoftSkill> und <SoftSkill>Eigeninitiative</SoftSkill>
Berufserfahrung in der Spedition
<SoftSkill>Selbständiges Arbeiten</SoftSkill> und <SoftSkill>zuverlässiges Arbeiten</SoftSkill>, <SoftSkill>kundenorientiert</SoftSkill>
Sprachen Deutsch und Spanisch Pflicht (weitere Sprachen von Vorteil)","['Freundliches Auftreten', 'Eigeninitiative', 'Selbständiges Arbeiten', 'zuverlässiges Arbeiten', 'kundenorientiert']"," Commercial training Freight forwarder
<SoftSkill>Friendly manner</SoftSkill> and <SoftSkill>Initiative</SoftSkill>.
Work experience in freight forwarding
<SoftSkill_C>Dependent</SoftSkill_C> and <SoftSkill>Reliable work</SoftSkill>, <SoftSkill>Customer-oriented</SoftSkill>.
Languages German and Spanish compulsory (other languages an advantage)"," Commercial training Freight forwarder
<SoftSkill>Friendly manner</SoftSkill> and <SoftSkill>Initiative</SoftSkill>.
Work experience in freight forwarding
<SoftSkill>Self-dependent work</SoftSkill> and <SoftSkill>reliable work</SoftSkill>, <SoftSkill>customer-oriented</SoftSkill>.
Languages German and Spanish compulsory (other languages an advantage)"
66," Abgeschlossene Volksschule (obere Schulstufe)
<SoftSkill>Interesse für Mathematik</SoftSkill>, <SoftSkill_C>technisches Zeichnen</SoftSkill_C> und <SoftSkill_C>Physik</SoftSkill_C>
<SoftSkill>Räumliches Vorstellungsvermögen</SoftSkill>, <SoftSkill>analytisches Denkvermögen</SoftSkill>
<SoftSkill>Interesse an technischen Zusammenhängen</SoftSkill>
<SoftSkill>Freude am Arbeiten mit dem Computer</SoftSkill"," Abgeschlossene Volksschule (obere Schulstufe)
<SoftSkill>Interesse für Mathematik</SoftSkill>, <SoftSkill>Interesse für technisches Zeichnen</SoftSkill> und <SoftSkill>Interesse für Physik</SoftSkill>
<SoftSkill>Räumliches Vorstellungsvermögen</SoftSkill>, <SoftSkill>analytisches Denkvermögen</SoftSkill>
<SoftSkill>Interesse an technischen Zusammenhängen</SoftSkill>
<SoftSkill>Freude am Arbeiten mit dem Computer</SoftSkill>","['Interesse für Mathematik', 'Interesse für technisches Zeichnen', 'Interesse für Physik', 'Räumliches Vorstellungsvermögen', 'analytisches Denkvermögen', 'Interesse an technischen Zusammenhängen', 'Freude am Arbeiten mit dem Computer']"," Completed primary school (upper school level).
<SoftSkill>Interest in mathematics</SoftSkill>, <SoftSkill_C>technical drawing</SoftSkill_C> and <SoftSkill_C>physics</SoftSkill_C>.
<SoftSkill>spatial imagination</SoftSkill>, <SoftSkill>analytical reasoning</SoftSkill>.
<SoftSkill>Interest in technical contexts</SoftSkill>.
<SoftSkill>Enjoyment of working with the computer</SoftSkill"," Completed primary school (upper school level).
<SoftSkill>interest in mathematics</SoftSkill>, <SoftSkill>interest in technical drawing</SoftSkill> and <SoftSkill>interest in physics</SoftSkill>.
<SoftSkill>Spatial imagination</SoftSkill>, <SoftSkill>analytical reasoning</SoftSkill>.
<SoftSkill>Interest in technical contexts</SoftSkill>.
<SoftSkill>Enjoyment of working with the computer</SoftSkill>."
67,"Sie <SoftSkill>arbeiten gerne engagiert</SoftSkill>, <SoftSkill_C>genau</SoftSkill_C> und <SoftSkill_C>selbständig</SoftSkill_C> und sind es <SoftSkill>gewohnt, in unterschiedlichen Situationen proaktiv und pragmatisch zu handeln</SoftSkill>.","Sie <SoftSkill>arbeiten gerne engagiert</SoftSkill>, <SoftSkill>arbeiten genau</SoftSkill> und <SoftSkill>arbeiten selbständig</SoftSkill> und sind es <SoftSkill>gewohnt, in unterschiedlichen Situationen proaktiv und pragmatisch zu handeln</SoftSkill>.","['arbeiten gerne engagiert', 'arbeiten genau', 'arbeiten selbständig', 'gewohnt, in unterschiedlichen Situationen proaktiv und pragmatisch zu handeln']","You <SoftSkill>like to work dedicatedly</SoftSkill>, <SoftSkill_C>accurately</SoftSkill_C> and <SoftSkill_C>independently</SoftSkill_C> and are <SoftSkill>used to acting proactively and pragmatically in different situations</SoftSkill>.","You <SoftSkill>like to work with commitment</SoftSkill>, <SoftSkill>work accurately</SoftSkill> and <SoftSkill>work independently</SoftSkill> and are <SoftSkill>used to acting proactively and pragmatically in different situations</SoftSkill>."
68," <SoftSkill_C>Service-</SoftSkill_C> und <SoftSkill_C>gastorientierte</SoftSkill_C> sowie <SoftSkill>eigenständige Arbeitsweise</SoftSkill>
Sehr gute Deutsch- und Englischkenntnisse
<SoftSkill_C>Gepflegtes</SoftSkill_C>, <SoftSkill>positives Auftreten</SoftSkill> sowie <SoftSkill>gute Umgangsformen</SoftSkill>
<SoftSkill_C>Spaß</SoftSkill_C> und <SoftSkill>Freude im Umgang mit unseren Gästen</SoftSkill"," <SoftSkill>Serviceorientierte Arbeitsweise</SoftSkill> und <SoftSkill>gastorientierte Arbeitsweise</SoftSkill> sowie <SoftSkill>eigenständige Arbeitsweise</SoftSkill>
Sehr gute Deutsch- und Englischkenntnisse
<SoftSkill>Gepflegtes Auftreten</SoftSkill>, <SoftSkill>positives Auftreten</SoftSkill> sowie <SoftSkill>gute Umgangsformen</SoftSkill>
<SoftSkill>Spaß im Umgang mit unseren Gästen</SoftSkill> und <SoftSkill>Freude im Umgang mit unseren Gästen</SoftSkill>","['Serviceorientierte Arbeitsweise', 'gastorientierte Arbeitsweise', 'eigenständige Arbeitsweise', 'Gepflegtes Auftreten', 'positives Auftreten', 'gute Umgangsformen', 'Spaß im Umgang mit unseren Gästen', 'Freude im Umgang mit unseren Gästen']"," <SoftSkill_C>Service</SoftSkill_C> and <SoftSkill_C>guest-oriented</SoftSkill_C> as well as <SoftSkill>independent working style</SoftSkill>.
Very good knowledge of German and English
<SoftSkill_C>Groomed</SoftSkill_C>, <SoftSkill>positive appearance</SoftSkill> and <SoftSkill>good manners</SoftSkill>.
<SoftSkill_C>fun</SoftSkill_C> and <SoftSkill>pleasure in dealing with our guests</SoftSkill"," <SoftSkill>service-oriented way of working</SoftSkill> and <SoftSkill>guest-oriented way of working</SoftSkill> as well as <SoftSkill>independent way of working</SoftSkill>.
Very good knowledge of German and English
<SoftSkill>good appearance</SoftSkill>, <SoftSkill>positive appearance</SoftSkill> and <SoftSkill>good manners</SoftSkill>.
<SoftSkill>fun in dealing with our guests</SoftSkill> and <SoftSkill>enjoyment in dealing with our guests</SoftSkill>."
69, Sie haben den <SoftSkill>Willen technologische und unternehmerische Herausforderungen anzupacken</SoftSkill> und <SoftSkill_C>zum Erfolg zu führen</SoftSkill_C>., Sie haben den <SoftSkill>Willen technologische und unternehmerische Herausforderungen anzupacken</SoftSkill> und <SoftSkill>Willen zum Erfolg zu führen</SoftSkill>.,"['Willen technologische und unternehmerische Herausforderungen anzupacken', 'Willen zum Erfolg zu führen']", You have the <SoftSkill>will to tackle technological and business challenges</SoftSkill> and <SoftSkill_C>to succeed</SoftSkill_C>., You have the <SoftSkill>Will to tackle technological and business challenges</SoftSkill> and <SoftSkill>Will to lead to success</SoftSkill>.
70,Mit Ihrer <SoftSkill_C>vertrauensvollen</SoftSkill_C> und <SoftSkill>empathischen Art</SoftSkill> sowie Ihren <SoftSkill>Konfliktlösungsfähigkeiten</SoftSkill> beugen Sie Teamkonflikte vor oder lösen diese.,Mit Ihrer <SoftSkill>vertrauensvollen Art</SoftSkill> und <SoftSkill>empathischen Art</SoftSkill> sowie Ihren <SoftSkill>Konfliktlösungsfähigkeiten</SoftSkill> beugen Sie Teamkonflikte vor oder lösen diese.,"['vertrauensvollen Art', 'empathischen Art', 'Konfliktlösungsfähigkeiten']",With your <SoftSkill_C>trustworthy</SoftSkill_C> and <SoftSkill>empathic manner</SoftSkill> as well as your <SoftSkill>conflict resolution skills</SoftSkill> you prevent or resolve team conflicts.,With your <SoftSkill>trusting nature</SoftSkill> and <SoftSkill>empathetic nature</SoftSkill> as well as your <SoftSkill>conflict resolution skills</SoftSkill> you prevent or resolve team conflicts.
71,Einem <SoftSkill_C>belastbaren</SoftSkill_C> und <SoftSkill>flexiblen Organisationstalent</SoftSkill> mit einem <SoftSkill>natürlichen Durchsetzungsvermögen</SoftSkill> bietet sich die Möglichkeit eine vielfältige Aufgabe mit Gestaltungsmöglichkeiten anzupacken.,"Einem <SoftSkill>belastbaren Organisationstalent</SoftSkill> und <SoftSkill>flexiblen Organisationstalent</SoftSkill> mit einem <SoftSkill>natürlichen Durchsetzungsvermögen</SoftSkill> bietet sich die Möglichkeit, eine vielfältige Aufgabe mit Gestaltungsmöglichkeiten anzupacken.""","['belastbaren Organisationstalent', 'flexiblen Organisationstalent', 'natürlichen Durchsetzungsvermögen']",A <SoftSkill_C>stressable</SoftSkill_C> and <SoftSkill>flexible organisational talent</SoftSkill> with a <SoftSkill>natural assertiveness</SoftSkill> is offered the opportunity to tackle a diverse task with creative possibilities.,"For a <SoftSkill>tough organisational talent</SoftSkill> and <SoftSkill>flexible organisational talent</SoftSkill> with a <SoftSkill>natural assertiveness</SoftSkill>, the opportunity to tackle a diverse task with creative possibilities is offered."""
72," •  Zudem sind Sie <SoftSkill>in der Lage, Mitarbeitende und Kunden für Ihre Sache zu gewinnen</SoftSkill> und zu <SoftSkill_C>be-geistern</SoftSkill_C"," • Zudem sind Sie <SoftSkill>in der Lage, Mitarbeitende und Kunden für Ihre Sache zu gewinnen</SoftSkill> und <SoftSkill>in der Lage, Mitarbeitende und Kunden für Ihre Sache zu be-geistern</SoftSkill>.","['in der Lage, Mitarbeitende und Kunden für Ihre Sache zu gewinnen', 'in der Lage, Mitarbeitende und Kunden für Ihre Sache zu be-geistern']"," - In addition, you are <SoftSkill>able to win over employees and customers for your cause</SoftSkill> and to <SoftSkill_C>inspire</SoftSkill_C"," - In addition, you are <SoftSkill>able to win employees and customers for your cause</SoftSkill> and <SoftSkill>able to inspire employees and customers for your cause</SoftSkill>."
73," Sie sind zudem eine <SoftSkill_C>sehr kommunikative</SoftSkill_C>, <SoftSkill_C>teamfähige</SoftSkill_C> sowie <SoftSkill_C>unternehmerisch</SoftSkill_C> und <SoftSkill>zielorientiert denkende Persönlichkeit</SoftSkill> mit <SoftSkill>hohem Verhandlungsgeschick</SoftSkill> und <SoftSkill>Durchsetzungsvermögen</SoftSkill>."," Sie sind zudem eine <SoftSkill>sehr kommunikative Persönlichkeit</SoftSkill>, <SoftSkill>teamfähige Persönlichkeit</SoftSkill> sowie <SoftSkill>unternehmerisch denkende Persönlichkeit</SoftSkill> und <SoftSkill>zielorientiert denkende Persönlichkeit</SoftSkill> mit <SoftSkill>hohem Verhandlungsgeschick</SoftSkill> und <SoftSkill>Durchsetzungsvermögen</SoftSkill>.","['sehr kommunikative Persönlichkeit', 'teamfähige Persönlichkeit', 'unternehmerisch denkende Persönlichkeit', 'zielorientiert denkende Persönlichkeit', 'hohem Verhandlungsgeschick', 'Durchsetzungsvermögen']"," You are also a <SoftSkill_C>very communicative</SoftSkill_C>, <SoftSkill_C>team player</SoftSkill_C> as well as <SoftSkill_C>entrepreneurial</SoftSkill_C> and <SoftSkill>goal-oriented thinking personality</SoftSkill> with <SoftSkill>high negotiating skills</SoftSkill> and <SoftSkill>assertiveness</SoftSkill>."," You are also a <SoftSkill>very communicative personality</SoftSkill>, <SoftSkill>team-oriented personality</SoftSkill> as well as <SoftSkill>entrepreneurial thinking personality</SoftSkill> and <SoftSkill>goal-oriented thinking personality</SoftSkill> with <SoftSkill>high negotiating skills</SoftSkill> and <SoftSkill>assertiveness</SoftSkill>."
74,Durch Ihr <SoftSkill_C>gutes</SoftSkill_C> und <SoftSkill>gepflegtes Auftreten im persönlichen Kundenkontakt</SoftSkill> <SoftSkill>schaffen Sie ein gesundes Vertrauen für unsere qualitativ hochstehende Dienstleistung</SoftSkill>.,Durch Ihr <SoftSkill>gutes Auftreten im persönlichen Kundenkontakt</SoftSkill> und <SoftSkill>gepflegtes Auftreten im persönlichen Kundenkontakt</SoftSkill> <SoftSkill>schaffen Sie ein gesundes Vertrauen für unsere qualitativ hochstehende Dienstleistung</SoftSkill>.,"['gutes Auftreten im persönlichen Kundenkontakt', 'gepflegtes Auftreten im persönlichen Kundenkontakt', 'schaffen Sie ein gesundes Vertrauen für unsere qualitativ hochstehende Dienstleistung']",Through your <SoftSkill_C>good</SoftSkill_C> and <SoftSkill>groomed appearance in personal customer contact</SoftSkill> <SoftSkill>you create a healthy trust for our high-quality service</SoftSkill>.,Through your <SoftSkill>good appearance in personal customer contact</SoftSkill> and <SoftSkill>groomed appearance in personal customer contact</SoftSkill> <SoftSkill>you create a healthy trust for our high-quality service</SoftSkill>.
75, Sie <SoftSkill_C>denken</SoftSkill_C> und <SoftSkill>handeln effizient</SoftSkill> sowie <SoftSkill_C>kunden</SoftSkill_C, Sie <SoftSkill>denken effizient</SoftSkill> und <SoftSkill>handeln effizient</SoftSkill> sowie <SoftSkill>denken kunden</SoftSkill> und <SoftSkill>handeln kunden</SoftSkill>.,"['denken effizient', 'handeln effizient', 'denken kunden', 'handeln kunden']", They <SoftSkill_C>think</SoftSkill_C> and <SoftSkill>act efficiently</SoftSkill> as well as <SoftSkill_C>customers</SoftSkill_C, They <SoftSkill>think efficiently</SoftSkill> and <SoftSkill>act efficiently</SoftSkill> as well as <SoftSkill>think customer</SoftSkill> and <SoftSkill>act customer</SoftSkill>.
76," •  <SoftSkill>Rasche Au assungsgabe</SoftSkill>, <SoftSkill_C>exakte</SoftSkill_C>, <SoftSkill>selbständige Arbeitsweise</SoftSkill"," • <SoftSkill>Rasche Au assungsgabe</SoftSkill>, <SoftSkill>exakte Arbeitsweise</SoftSkill>, <SoftSkill>selbständige Arbeitsweise</SoftSkill>","['Rasche Au assungsgabe', 'exakte Arbeitsweise', 'selbständige Arbeitsweise']"," - <SoftSkill>quick response</SoftSkill>, <SoftSkill_C>exact</SoftSkill_C>, <SoftSkill>independent working style</SoftSkill"," - <SoftSkill>quick response</SoftSkill>, <SoftSkill>precise working method</SoftSkill>, <SoftSkill>independent working method</SoftSkill>."
77, Wir suchen eine <SoftSkill_C>gefestigte</SoftSkill_C> und <SoftSkill>vertrauensvolle Persönlichkeit</SoftSkill> für das zweier-Team., Wir suchen eine <SoftSkill>gefestigte Persönlichkeit</SoftSkill> und <SoftSkill>vertrauensvolle Persönlichkeit</SoftSkill> für das zweier-Team.,"['gefestigte Persönlichkeit', 'vertrauensvolle Persönlichkeit']", We are looking for a <SoftSkill_C>solid</SoftSkill_C> and <SoftSkill>confident personality</SoftSkill> for the two-man team., We are looking for a <SoftSkill>solid personality</SoftSkill> and <SoftSkill>confident personality</SoftSkill> for the two-man team.
78,Durch Ihr <SoftSkill_C>gewinnbringendes</SoftSkill_C> und <SoftSkill>positives Auftreten</SoftSkill> können Sie <SoftSkill>Leute von Ihren Vorhaben begeistern</SoftSkill>.,Durch Ihr <SoftSkill>gewinnbringendes Auftreten</SoftSkill> und <SoftSkill>positives Auftreten</SoftSkill> können Sie <SoftSkill>Leute von Ihren Vorhaben begeistern</SoftSkill>.,"['gewinnbringendes Auftreten', 'positives Auftreten', 'Leute von Ihren Vorhaben begeistern']",Through your <SoftSkill_C>profitable</SoftSkill_C> and <SoftSkill>positive manner</SoftSkill> you can inspire <SoftSkill>people with your plans</SoftSkill>.,Through your <SoftSkill>profitable manner</SoftSkill> and <SoftSkill>positive manner</SoftSkill> you can inspire <SoftSkill>people with your plans</SoftSkill>.
79, Sie überzeugen durch Ihre <SoftSkill_C>strukturierte</SoftSkill_C> und <SoftSkill>analytische Arbeitsweise</SoftSkill, Sie überzeugen durch Ihre <SoftSkill>strukturierte Arbeitsweise</SoftSkill> und <SoftSkill>analytische Arbeitsweise</SoftSkill>,"['strukturierte Arbeitsweise', 'analytische Arbeitsweise']", You convince with your <SoftSkill_C>structured</SoftSkill_C> and <SoftSkill>analytical way of working</SoftSkill, You convince with your <SoftSkill>structured way of working</SoftSkill> and <SoftSkill>analytical way of working</SoftSkill>.
80,•  <SoftSkill>Präzise Arbeitsweise</SoftSkill> sowie <SoftSkill>unternehmerisches Denken</SoftSkill> und <SoftSkill_C>Handeln</SoftSkill_C,<SoftSkill>Präzise Arbeitsweise</SoftSkill> sowie <SoftSkill>unternehmerisches Denken</SoftSkill> und <SoftSkill>unternehmerisches Handeln</SoftSkill>.,"['Präzise Arbeitsweise', 'unternehmerisches Denken', 'unternehmerisches Handeln']",- <SoftSkill>Precise way of working</SoftSkill> as well as <SoftSkill>Entrepreneurial thinking</SoftSkill> and <SoftSkill_C>Acting</SoftSkill_C,<SoftSkill>precise working style</SoftSkill> as well as <SoftSkill>entrepreneurial thinking</SoftSkill> and <SoftSkill>entrepreneurial action</SoftSkill>.
81, Sie <SoftSkill>arbeiten genau</SoftSkill> und <SoftSkill_C>verantwortungsbewusst</SoftSkill_C> und <SoftSkill>engagieren sich für Ihre Arbeit und unser Unternehmen</SoftSkill>., Sie <SoftSkill>arbeiten genau</SoftSkill> und <SoftSkill>arbeiten verantwortungsbewusst</SoftSkill> und <SoftSkill>engagieren sich für Ihre Arbeit und unser Unternehmen</SoftSkill>.,"['arbeiten genau', 'arbeiten verantwortungsbewusst', 'engagieren sich für Ihre Arbeit und unser Unternehmen']", You <SoftSkill>work accurately</SoftSkill> and <SoftSkill_C>responsibly</SoftSkill_C> and <SoftSkill>are committed to your work and our company</SoftSkill>., You <SoftSkill>work accurately</SoftSkill> and <SoftSkill>work responsibly</SoftSkill> and <SoftSkill>are committed to your work and our company</SoftSkill>.
82,"<SoftSkill_C>Bereitschaft</SoftSkill_C> und <SoftSkill>Mobilität</SoftSkill> (PKW) zu unregelmässiger Schichtarbeit, d.h. Arbeitszeiten zwischen 05:00 und 23:00 Uhr, inkl. Wochenenden","<SoftSkill>Bereitschaft zu unregelmässiger Schichtarbeit</SoftSkill> und <SoftSkill>Mobilität</SoftSkill> (PKW) zu unregelmässiger Schichtarbeit, d.h. Arbeitszeiten zwischen 05:00 und 23:00 Uhr, inkl. Wochenenden.","['Bereitschaft zu unregelmässiger Schichtarbeit', 'Mobilität']","<SoftSkill_C>Willingness</SoftSkill_C> and <SoftSkill>Mobility</SoftSkill> (car) to work irregular shifts, i.e. working hours between 05:00 and 23:00, incl. weekends.","<SoftSkill>Willingness for irregular shift work</SoftSkill> and <SoftSkill>Mobility</SoftSkill> (car) for irregular shift work, i.e. working hours between 05:00 and 23:00, incl. weekends."
83," Die <SoftSkill>Fähigkeit, sowohl selbstständig</SoftSkill> als auch <SoftSkill_C>im Team zu arbeiten</SoftSkill_C>, und selbst <SoftSkill>in kleinen Projekten das Grosse zu sehen</SoftSkill>."," Die <SoftSkill>Fähigkeit, sowohl selbstständig</SoftSkill> als auch <SoftSkill>Fähigkeit, im Team zu arbeiten</SoftSkill>, und selbst <SoftSkill>in kleinen Projekten das Grosse zu sehen</SoftSkill>.","['Fähigkeit, sowohl selbstständig', 'Fähigkeit, im Team zu arbeiten', 'in kleinen Projekten das Grosse zu sehen']"," The <SoftSkill>ability to work both independently</SoftSkill> and <SoftSkill_C>in a team</SoftSkill_C>, and to see the big picture even <SoftSkill>in small projects</SoftSkill>."," The <SoftSkill>ability to work both independently</SoftSkill> and <SoftSkill>ability to work in a team</SoftSkill>, and even <SoftSkill>to see the big picture in small projects</SoftSkill>."
84, In dieser verantwortungsvollen Position sind Sie als <SoftSkill_C>unternehmerisch denkende</SoftSkill_C> und <SoftSkill>handelnde Schlüsselperson</SoftSkill> für den Aufbau und die Weiterentwicklung der Produktion der ebeam-Lampen verantwortlich., In dieser verantwortungsvollen Position sind Sie als <SoftSkill>unternehmerisch denkende Schlüsselperson</SoftSkill> und <SoftSkill>handelnde Schlüsselperson</SoftSkill> für den Aufbau und die Weiterentwicklung der Produktion der ebeam-Lampen verantwortlich.,"['unternehmerisch denkende Schlüsselperson', 'handelnde Schlüsselperson']"," In this responsible position, as a <SoftSkill_C>entrepreneurial</SoftSkill_C> and <SoftSkill>acting key person</SoftSkill>, you will be responsible for setting up and further developing the production of ebeam lamps.", In this responsible position you will be a <SoftSkill>entrepreneurial key person</SoftSkill> and <SoftSkill>acting key person</SoftSkill> responsible for setting up and further developing the production of ebeam lamps.
85, •  <SoftSkill>Freude an Physik</SoftSkill> und <SoftSkill_C>Mathematik</SoftSkill_C, <SoftSkill>Freude an Physik</SoftSkill> und <SoftSkill>Freude an Mathematik</SoftSkill>.,"['Freude an Physik', 'Freude an Mathematik']", - <SoftSkill>Enjoyment of physics</SoftSkill> and <SoftSkill_C>Mathematics</SoftSkill_C, <SoftSkill>Enjoyment of Physics</SoftSkill> and <SoftSkill>Enjoyment of Mathematics</SoftSkill>.
86," Sie <SoftSkill_C>denken</SoftSkill_C> und <SoftSkill>handeln konsequent dienstleistungsorientiert</SoftSkill>, überzeugen durch <SoftSkill>Fachkompetenz</SoftSkill> und einem <SoftSkill_C>sicheren</SoftSkill_C>, <SoftSkill>kommunikativen Auftreten</SoftSkill>."," Sie <SoftSkill>denken dienstleistungsorientiert</SoftSkill> und <SoftSkill>handeln konsequent dienstleistungsorientiert</SoftSkill>, überzeugen durch <SoftSkill>Fachkompetenz</SoftSkill> und einem <SoftSkill>sicheren Auftreten</SoftSkill>, <SoftSkill>kommunikativen Auftreten</SoftSkill>.","['denken dienstleistungsorientiert', 'handeln konsequent dienstleistungsorientiert', 'Fachkompetenz', 'sicheren Auftreten', 'kommunikativen Auftreten']"," You <SoftSkill_C>think</SoftSkill_C> and <SoftSkill>act consistently in a service-oriented manner</SoftSkill>, convince with <SoftSkill>expertise</SoftSkill> and a <SoftSkill_C>confident</SoftSkill_C>, <SoftSkill>communicative manner</SoftSkill>."," You <SoftSkill>think service-oriented</SoftSkill> and <SoftSkill>act consistently service-oriented</SoftSkill>, convince through <SoftSkill>expertise</SoftSkill> and a <SoftSkill>confident manner</SoftSkill>, <SoftSkill>communicative manner</SoftSkill>."
87,× <SoftSkill_C>Exaktes</SoftSkill_C> und <SoftSkill>kundenorientiertes Arbeiten</SoftSkill,× <SoftSkill>Exaktes Arbeiten</SoftSkill> und <SoftSkill>kundenorientiertes Arbeiten</SoftSkill>,"['Exaktes Arbeiten', 'kundenorientiertes Arbeiten']",× <SoftSkill_C>Exact</SoftSkill_C> and <SoftSkill>Customer-oriented work</SoftSkill,× <SoftSkill>Exact work</SoftSkill> and <SoftSkill>Customer-oriented work</SoftSkill>.
88," Wenn Sie es weiter gewohnt sind, <SoftSkill_C>projekt-</SoftSkill_C> und vor allem <SoftSkill>abschlussorientiert (c) vorzugehen</SoftSkill>, sind Sie schon sehr nahe dran."," Wenn Sie es weiter gewohnt sind, <SoftSkill>projektorientiert (c) vorzugehen</SoftSkill> und vor allem <SoftSkill>abschlussorientiert (c) vorzugehen</SoftSkill>, sind Sie schon sehr nahe dran.","['projektorientiert (c) vorzugehen', 'abschlussorientiert (c) vorzugehen']"," If you are further accustomed to <SoftSkill_C>project</SoftSkill_C> and above all <SoftSkill>conclusion (c) oriented</SoftSkill>, you are already very close."," If you are further accustomed to <SoftSkill>project-oriented (c) approach</SoftSkill> and especially <SoftSkill>conclusion-oriented (c) approach</SoftSkill>, you are already very close."
89, <SoftSkill>Anspruchsvolle und komplexe Planungsaufgaben</SoftSkill> und der <SoftSkill_C>Umgang mit vernetzten Daten bereiten Ihnen Freude</SoftSkill_C>., <SoftSkill>Anspruchsvolle und komplexe Planungsaufgaben</SoftSkill> und der <SoftSkill>Umgang mit vernetzten Daten bereiten Ihnen Freude</SoftSkill>.,"['Anspruchsvolle und komplexe Planungsaufgaben', 'Umgang mit vernetzten Daten bereiten Ihnen Freude']", <SoftSkill>You enjoy challenging and complex planning tasks</SoftSkill> and the <SoftSkill_C>handling of networked data</SoftSkill_C>., <SoftSkill>You enjoy challenging and complex planning tasks</SoftSkill> and the <SoftSkill>handling of networked data</SoftSkill>.
90,"•  Eine <SoftSkill_C>positive</SoftSkill_C>, <SoftSkill>hilfsbereite Einstellung</SoftSkill> sowie den <SoftSkill>Willen, dich selbst und das Unternehmen ständig weiterzuentwickeln</SoftSkill","Eine <SoftSkill>positive Einstellung</SoftSkill>, <SoftSkill>hilfsbereite Einstellung</SoftSkill> sowie den <SoftSkill>Willen, dich selbst und das Unternehmen ständig weiterzuentwickeln</SoftSkill>.","['positive Einstellung', 'hilfsbereite Einstellung', 'Willen, dich selbst und das Unternehmen ständig weiterzuentwickeln']","- A <SoftSkill_C>positive</SoftSkill_C>, <SoftSkill>helpful attitude</SoftSkill> and the <SoftSkill>will to constantly develop yourself and the company</SoftSkill","A <SoftSkill>positive attitude</SoftSkill>, <SoftSkill>helpful attitude</SoftSkill> and the <SoftSkill>will to constantly develop yourself and the company</SoftSkill>."
91," Sie
sind <SoftSkill_C>selbstständiges</SoftSkill_C>, <SoftSkill_C>verantwortungsvolles</SoftSkill_C> und <SoftSkill>zielorientiertes Arbeiten gewohnt</SoftSkill> und <SoftSkill>pflegen einen
bewussten Umgang mit den Bedürfnissen und Wünschen der Bewohnerinnen und Bewohner sowie
deren Angehörigen</SoftSkill>."," Sie
sind <SoftSkill>selbstständiges Arbeiten gewohnt</SoftSkill>, <SoftSkill>verantwortungsvolles Arbeiten gewohnt</SoftSkill> und <SoftSkill>zielorientiertes Arbeiten gewohnt</SoftSkill> und <SoftSkill>pflegen einen
bewussten Umgang mit den Bedürfnissen und Wünschen der Bewohnerinnen und Bewohner sowie
deren Angehörigen</SoftSkill>.","['selbstständiges Arbeiten gewohnt', 'verantwortungsvolles Arbeiten gewohnt', 'zielorientiertes Arbeiten gewohnt']"," You
are used to <SoftSkill_C>working independently</SoftSkill_C>, <SoftSkill_C>responsible</SoftSkill_C> and <SoftSkill>goal-oriented work</SoftSkill> and <SoftSkill>maintain an
conscious approach to the needs and wishes of residents and their relatives</SoftSkill>.
their relatives</SoftSkill>."," You
are used to <SoftSkill>working independently</SoftSkill>, <SoftSkill>working responsibly</SoftSkill> and <SoftSkill>working in a goal-oriented manner</SoftSkill> and <SoftSkill> maintain a
conscious handling of the needs and wishes of the residents and their relatives.
their relatives</SoftSkill>."
92," eine weiterbildung als werkmeister, techniker oder ähnlich ist erwünscht, aber keine bedingung
sind sie ein <SoftSkill_C>organisationsstarker</SoftSkill_C>, <SoftSkill_C>anpackender</SoftSkill_C> und ...
... <SoftSkill_C>mitdenkender</SoftSkill_C> sowie <SoftSkill>kooperativer fachmann</SoftSkill>?"," eine weiterbildung als werkmeister, techniker oder ähnlich ist erwünscht, aber keine bedingung
sind sie ein <SoftSkill>organisationsstarker fachmann</SoftSkill>, <SoftSkill>anpackender fachmann</SoftSkill> und ...
... <SoftSkill>mitdenkender fachmann</SoftSkill> sowie <SoftSkill>kooperativer fachmann</SoftSkill>?","['organisationsstarker fachmann', 'anpackender fachmann', 'mitdenkender fachmann', 'kooperativer fachmann']"," further training as a foreman, technician or similar is desirable, but not a prerequisite.
are you a <SoftSkill_C>strong organiser</SoftSkill_C>, <SoftSkill_C>tackling</SoftSkill_C> and ...
... <SoftSkill_C>co-thinking</SoftSkill_C> and <SoftSkill>co-operative professional</SoftSkill>?"," further training as a foreman, technician or similar is desirable, but not a prerequisite.
are you a <SoftSkill>strong organisational specialist</SoftSkill>, <SoftSkill>tackling specialist</SoftSkill> and ...
... <SoftSkill>thinking professional</SoftSkill> and <SoftSkill>cooperative professional</SoftSkill>?"
93," Haben Sie das <SoftSkill>Flair, über Produkte zu informieren</SoftSkill> und diese <SoftSkill_C>zu verkaufen</SoftSkill_C>?"," Haben Sie das <SoftSkill>Flair, über Produkte zu informieren</SoftSkill> und <SoftSkill>das Flair, über Produkte zu verkaufen</SoftSkill>?","['Flair, über Produkte zu informieren', 'das Flair, über Produkte zu verkaufen']", Do you have the <SoftSkill>flair to inform about products</SoftSkill> and to sell them</SoftSkill_C>?, Do you have the <SoftSkill>flair to inform about products</SoftSkill> and <SoftSkill>the flair to sell about products</SoftSkill>?
94," •  Sie sind deutscher Muttersprache und verfügen über eine <SoftSkill_C>stilsichere</SoftSkill_C>, <SoftSkill>schriftliche Ausdrucksweise</SoftSkill"," • Sie sind deutscher Muttersprache und verfügen über eine <SoftSkill>stilsichere Ausdrucksweise</SoftSkill>, <SoftSkill>schriftliche Ausdrucksweise</SoftSkill>","['stilsichere Ausdrucksweise', 'schriftliche Ausdrucksweise']"," - You are a German native speaker and have a <SoftSkill_C>confident</SoftSkill_C>, <SoftSkill>writing style</SoftSkill"," - You are a German native speaker and have <SoftSkill>stylistically confident expression</SoftSkill>, <SoftSkill>written expression</SoftSkill>."
95," Ihr Pro l
Sie sind eine junge, <SoftSkill_C>dynamische</SoftSkill_C>, <SoftSkill_C>positiv eingestellte</SoftSkill_C> und <SoftSkill>erfolgsorientierte Ver- kaufspersönlichkeit</SoftSkill> mit einer  <SoftSkill_C>exiblen</SoftSkill_C>, <SoftSkill_C>selbstständigen</SoftSkill_C> und <SoftSkill>disziplinierten Arbeits- weise</SoftSkill>."," Ihr Pro l
Sie sind eine junge, <SoftSkill>dynamische Verkaufspersönlichkeit</SoftSkill>, <SoftSkill>positiv eingestellte Verkaufspersönlichkeit</SoftSkill> und <SoftSkill>erfolgsorientierte Verkaufspersönlichkeit</SoftSkill> mit einer  <SoftSkill>exiblen Arbeitsweise</SoftSkill>, <SoftSkill>selbstständigen Arbeitsweise</SoftSkill> und <SoftSkill>disziplinierten Arbeitsweise</SoftSkill>.","['dynamische Verkaufspersönlichkeit', 'positiv eingestellte Verkaufspersönlichkeit', 'erfolgsorientierte Verkaufspersönlichkeit', 'exiblen Arbeitsweise', 'selbstständigen Arbeitsweise', 'disziplinierten Arbeitsweise']"," Your Pro l
You are a young, <SoftSkill_C>dynamic</SoftSkill_C>, <SoftSkill_C>positive-minded</SoftSkill_C> and <SoftSkill>success-oriented sales personality</SoftSkill> with a <SoftSkill_C>exible</SoftSkill_C>, <SoftSkill_C>self-reliant</SoftSkill_C> and <SoftSkill>disciplined way of working</SoftSkill>."," Your Pro l
You are a young, <SoftSkill>dynamic sales personality</SoftSkill>, <SoftSkill>positive sales personality</SoftSkill> and <SoftSkill>success-oriented sales personality</SoftSkill> with a <SoftSkill>exible way of working</SoftSkill>, <SoftSkill>self-starter</SoftSkill> and <SoftSkill>disciplined</SoftSkill>."
96," Sie <SoftSkill>erkennen Probleme in Routineprozessen</SoftSkill>
und <SoftSkill>handeln strukturiert</SoftSkill> und <SoftSkill_C>lösungsorientiert</SoftSkill_C> zur
<SoftSkill>kontinuierlichen Verbesserung</SoftSkill>."," Sie <SoftSkill>erkennen Probleme in Routineprozessen</SoftSkill>
und <SoftSkill>handeln strukturiert</SoftSkill> und <SoftSkill>handeln lösungsorientiert</SoftSkill> zur
<SoftSkill>kontinuierlichen Verbesserung</SoftSkill>.","['erkennen Probleme in Routineprozessen', 'handeln strukturiert', 'handeln lösungsorientiert', 'kontinuierlichen Verbesserung']"," They <SoftSkill>identify problems in routine processes</SoftSkill>.
and <SoftSkill>act in a structured</SoftSkill> and <SoftSkill_C>solution-oriented</SoftSkill_C> manner to achieve
<SoftSkill>continuous improvement</SoftSkill>."," You <SoftSkill>identify problems in routine processes</SoftSkill>.
and <SoftSkill>act in a structured manner</SoftSkill> and <SoftSkill>act in a solution-oriented manner</SoftSkill> for
<SoftSkill>continuous improvement</SoftSkill>."
97, Sie beantworten <SoftSkill_C>freundlich</SoftSkill_C> und <SoftSkill>zuvorkommend Kundenfragen</SoftSkill> und leiten komplexe Anfragen an die zuständigen Fachstellen weiter., Sie beantworten <SoftSkill>freundlich Kundenfragen</SoftSkill> und <SoftSkill>zuvorkommend Kundenfragen</SoftSkill> und leiten komplexe Anfragen an die zuständigen Fachstellen weiter.,"['freundlich Kundenfragen', 'zuvorkommend Kundenfragen']", You answer <SoftSkill_C>friendly</SoftSkill_C> and <SoftSkill>proposing customer questions</SoftSkill> and forward complex enquiries to the relevant specialist departments., You answer <SoftSkill>friendly customer questions</SoftSkill> and <SoftSkill>accommodating customer questions</SoftSkill> and forward complex enquiries to the relevant specialist departments.
98," eine <SoftSkill_C>analytische</SoftSkill_C>, <SoftSkill_C>strukturierte</SoftSkill_C> und <SoftSkill>konzeptionell arbeitende Persönlichkeit</SoftSkill>?"," eine <SoftSkill>analytische Persönlichkeit</SoftSkill>, <SoftSkill>strukturierte Persönlichkeit</SoftSkill> und <SoftSkill>konzeptionell arbeitende Persönlichkeit</SoftSkill>?","['analytische Persönlichkeit', 'strukturierte Persönlichkeit', 'konzeptionell arbeitende Persönlichkeit']"," an <SoftSkill_C>analytical</SoftSkill_C>, <SoftSkill_C>structured</SoftSkill_C> and <SoftSkill>conceptual working personality</SoftSkill>?"," a <SoftSkill>analytical personality</SoftSkill>, <SoftSkill>structured personality</SoftSkill> and <SoftSkill>conceptual working personality</SoftSkill>?"
99," Sie haben <SoftSkill>Humor</SoftSkill> und sind <SoftSkill>in der Lage, ihre Arbeitsweise kreativ den geforderten Situationen anzupassen</SoftSkill> und zu <SoftSkill_C>reflektieren</SoftSkill_C>."," Sie haben <SoftSkill>Humor</SoftSkill> und sind <SoftSkill>in der Lage, ihre Arbeitsweise kreativ den geforderten Situationen anzupassen</SoftSkill> und <SoftSkill>in der Lage, ihre Arbeitsweise kreativ den geforderten Situationen zu reflektieren</SoftSkill>.","['Humor', 'in der Lage, ihre Arbeitsweise kreativ den geforderten Situationen anzupassen', 'in der Lage, ihre Arbeitsweise kreativ den geforderten Situationen zu reflektieren']", They have <SoftSkill>Humour</SoftSkill> and are <SoftSkill>able to creatively adapt their working methods to the required situations</SoftSkill> and to <SoftSkill_C>reflect</SoftSkill_C>., They have <SoftSkill>Humour</SoftSkill> and are <SoftSkill>able to creatively adapt their working methods to the required situations</SoftSkill> and <SoftSkill>able to creatively reflect their working methods to the required situations</SoftSkill>.
100," Als <SoftSkill_C>zuverlässige</SoftSkill_C>, <SoftSkill_C>belastbare</SoftSkill_C> sowie <SoftSkill>herzliche Gastgeberpersönlichkeit</SoftSkill> verfügen Sie über eine abgeschlossene Service-Ausbildung und bringen schon vielseitige Berufserfahrung mit."," Als <SoftSkill>zuverlässige Gastgeberpersönlichkeit</SoftSkill>, <SoftSkill>belastbare Gastgeberpersönlichkeit</SoftSkill> sowie <SoftSkill>herzliche Gastgeberpersönlichkeit</SoftSkill> verfügen Sie über eine abgeschlossene Service-Ausbildung und bringen schon vielseitige Berufserfahrung mit.","['zuverlässige Gastgeberpersönlichkeit', 'belastbare Gastgeberpersönlichkeit', 'herzliche Gastgeberpersönlichkeit']"," As a <SoftSkill_C>reliable</SoftSkill_C>, <SoftSkill_C>stressable</SoftSkill_C> as well as <SoftSkill>hearty host personality</SoftSkill>, you have a completed service training and already bring versatile professional experience with you."," As a <SoftSkill>reliable host personality</SoftSkill>, <SoftSkill>stressable host personality</SoftSkill> and <SoftSkill>hearty host personality</SoftSkill>, you have completed service training and already have versatile professional experience."
